Name,Platform,Developer,CriticScore,GlobalSale,ReleaseDate
Imagine: Makeup Artist,DS,Global A Entertainment,N/A,0.29,2020-12-31
F1 2018,PS4,Codemasters Birmingham,N/A,0.28,2018-08-24
Legendary Fishing,NS,Ubisoft,N/A,0.00,2018-09-18
Legendary Fishing,PS4,Ubisoft,N/A,0.00,2018-09-18
Far Cry 3: Classic Edition,PS4,Ubisoft Montreal,N/A,0.01,2018-07-05
The Crew 2,XOne,Ivory Tower,N/A,0.20,2018-06-29
The Crew 2,PS4,Ivory Tower,6.5,0.54,2018-06-29
Railway Empire,PS4,Gaming Minds Studios,N/A,0.02,2018-01-30
South Park: The Fractured But Whole,NS,Ubisoft San Francisco,N/A,0.09,2018-04-24
Far Cry 5,XOne,Ubisoft Montreal,7.2,1.60,2018-03-27
Far Cry 5,PS4,Ubisoft,7.9,3.64,2018-03-27
Far Cry 5,PC,Ubisoft,6.3,0.07,2018-02-27
Assassin's Creed Rogue Remastered    Read the review,XOne,Ubisoft,6.0,0.03,2018-03-20
Assassin's Creed Rogue Remastered,PS4,Ubisoft,N/A,0.15,2018-03-20
South Park: The Stick of Truth,XOne,Obsidian Entertainment,N/A,0.02,2018-02-13
South Park: The Stick of Truth,PS4,Obsidian Entertainment,N/A,0.02,2018-02-13
America's Greatest Game Shows: Wheel of Fortune & Jeopardy!,XOne,Ubisoft,N/A,0.05,2017-11-07
America's Greatest Game Shows: Wheel of Fortune & Jeopardy!,PS4,Ubisoft,N/A,0.06,2017-11-07
Monopoly for Nintendo Switch,NS,Engine Software,5.3,0.23,2017-10-31
Assassin's Creed Origins,PC,Ubisoft Montreal,N/A,0.10,2017-10-27
Assassin's Creed Origins,PS4,Ubisoft Montreal,N/A,3.93,2017-10-27
Assassin's Creed Origins,XOne,Ubisoft Montreal,N/A,2.39,2017-10-27
Just Dance 2018,NS,Ubisoft Paris,N/A,0.63,2017-10-24
Just Dance 2018,PS3,Ubisoft Paris,N/A,0.06,2017-10-24
Just Dance 2018,XOne,Ubisoft Paris,N/A,0.20,2017-10-24
Just Dance 2018,X360,Ubisoft Paris,N/A,0.08,2017-10-24
Just Dance 2018,PS4,Ubisoft Paris,N/A,0.28,2017-10-24
Just Dance 2018,Wii,Ubisoft Paris,N/A,0.34,2017-10-24
Just Dance 2018,WiiU,Ubisoft Paris,N/A,0.16,2017-10-24
South Park: The Fractured But Whole,XOne,Ubisoft San Francisco,N/A,0.58,2017-10-17
South Park: The Fractured But Whole,PS4,Ubisoft San Francisco,N/A,1.36,2017-10-17
South Park: The Fractured But Whole,PC,Ubisoft San Francisco,N/A,0.08,2017-10-17
Sniper: Ghost Warrior 3,PS4,City Interactive,N/A,0.32,2017-04-25
F1 2017,PS4,Codemasters,N/A,0.62,2017-08-25
Rayman Legends,NS,Ubisoft Montpellier,4.5,0.56,2017-09-12
Mario + Rabbids: Kingdom Battle    Read the review,NS,Ubisoft Milan,7.7,2.19,2017-08-29
DiRT 4,PS4,Codemasters,N/A,0.48,2017-06-06
Star Trek Bridge Crew,PS4,Red Storm Entertainment,N/A,0.21,2017-05-30
Tom Clancy's Ghost Recon Wildlands,PS4,Ubisoft Paris,7.0,3.04,2017-03-07
Tom Clancy's Ghost Recon Wildlands,PC,Ubisoft Paris,7.4,0.04,2017-03-07
Tom Clancy's Ghost Recon Wildlands,XOne,Ubisoft Paris,7.7,1.54,2017-03-07
Just Dance 2017,NS,Ubisoft Paris,6.5,0.25,2017-03-03
For Honor,XOne,Ubisoft Montreal,N/A,0.82,2017-02-14
For Honor,PS4,Ubisoft Montreal,N/A,1.65,2017-02-14
For Honor,PC,Ubisoft Montreal,N/A,0.04,2017-02-14
Werewolves Within,PS4,Ubisoft,N/A,0.05,2016-12-06
Steep,XOne,Ubisoft Annecy,N/A,0.44,2016-12-02
Steep,PS4,Ubisoft Annecy,N/A,0.97,2016-12-02
Assassin's Creed The Ezio Collection,PS4,Ubisoft,N/A,0.79,2016-11-15
Assassin's Creed The Ezio Collection,XOne,Ubisoft,N/A,0.27,2016-11-15
Hasbro Family Fun Pack Conquest Edition,PS4,Ubisoft,N/A,0.07,2016-11-15
Hasbro Family Fun Pack Conquest Edition,XOne,Ubisoft,N/A,0.06,2016-11-15
Watch Dogs 2,XOne,Ubisoft,N/A,1.30,2016-11-15
Watch Dogs 2,PS4,Ubisoft,N/A,3.31,2016-11-15
Watch Dogs 2,PC,Ubisoft,N/A,0.00,2016-11-15
Eagle Flight,PS4,Ubisoft,N/A,0.20,2016-11-08
Just Dance 2017,PS3,Ubisoft Paris,N/A,0.13,2016-10-25
Just Dance 2017,X360,Ubisoft Paris,N/A,0.28,2016-10-25
Just Dance 2017,XOne,Ubisoft Paris,N/A,0.33,2016-10-25
Just Dance 2017,Wii,Ubisoft Paris,N/A,1.00,2016-10-25
Just Dance 2017,WiiU,Ubisoft Paris,N/A,0.43,2016-10-25
Just Dance 2017,PS4,Ubisoft Paris,N/A,0.24,2016-10-25
Rocksmith 2014 Edition Remastered,PS4,Ubisoft,N/A,0.13,2016-10-04
Rocksmith 2014 Edition Remastered,XOne,Ubisoft,N/A,0.12,2016-10-04
Just Sing,PS4,Ubisoft,N/A,0.04,2016-09-06
Just Sing,XOne,Ubisoft,N/A,0.05,2016-09-06
F1 2016,PS4,Codemasters,N/A,0.78,2017-01-01
Grand Ages: Medieval,PS4,Gaming Minds Studios,N/A,0.09,2015-09-29
Assassin's Creed Chronicles,PSV,Climax Studios,N/A,0.12,2016-04-05
TrackMania Turbo,XOne,Nadeo,N/A,0.10,2016-03-22
TrackMania Turbo,PS4,Nadeo,N/A,0.47,2016-03-22
TrackMania Turbo,PC,Nadeo,N/A,0.01,2016-03-22
Tom Clancy's The Division,XOne,Massive Entertainment,N/A,2.54,2016-03-08
Tom Clancy's The Division,PC,Massive Entertainment,N/A,0.47,2016-03-08
Tom Clancy's The Division,PS4,Massive Entertainment,N/A,4.37,2016-03-08
Far Cry: Primal,PC,Ubisoft Montreal,8.0,0.24,2016-03-01
Far Cry: Primal,XOne,Ubisoft Montreal,7.8,1.00,2016-02-23
Far Cry: Primal,PS4,Ubisoft Montreal,7.2,2.73,2016-02-23
Assassin's Creed Chronicles,XOne,Climax Studios,N/A,0.01,2016-02-09
Assassin's Creed Chronicles,PS4,Climax Studios,N/A,0.11,2016-02-09
Zombi,XOne,Ubisoft Montpellier,N/A,0.01,2016-01-21
Tom Clancy's Rainbow Six: Siege,XOne,Ubisoft Montreal,N/A,2.53,2015-12-01
Tom Clancy's Rainbow Six: Siege,PS4,Ubisoft Montreal,N/A,4.14,2015-12-01
Tom Clancy's Rainbow Six: Siege,PC,Ubisoft Montreal,N/A,0.30,2015-12-01
Assassin's Creed Syndicate,PC,Ubisoft Quebec,N/A,0.26,2015-11-19
The Crew: Wild Run,XOne,Ivory Tower,N/A,0.02,2015-11-17
The Crew: Wild Run,PS4,Ivory Tower,N/A,0.14,2015-11-17
The Crew: Wild Run,PC,Ivory Tower,N/A,0.02,2015-11-17
Anno 2205,PC,Blue Byte,N/A,0.23,2015-11-03
Assassin's Creed Syndicate,PS4,Ubisoft Quebec,8.6,3.58,2015-10-23
Assassin's Creed Syndicate,XOne,Ubisoft Quebec,N/A,1.43,2015-10-23
Hasbro Family Fun Pack,XOne,Ubisoft,N/A,0.13,2015-10-20
Just Dance 2016,Wii,Ubisoft Paris,N/A,1.11,2015-10-20
Just Dance 2016,WiiU,Ubisoft Paris,N/A,0.60,2015-10-20
Just Dance 2016,PS3,Ubisoft Paris,N/A,0.22,2015-10-20
Just Dance 2016,XOne,Ubisoft Paris,N/A,0.38,2015-10-20
Just Dance 2016,X360,Ubisoft Paris,N/A,0.36,2015-10-20
Just Dance 2016,PS4,Ubisoft Paris,N/A,0.39,2015-10-20
Gravity Falls: Legend of the Gnome Gemulets,3DS,Ubisoft,N/A,0.04,2015-10-20
Just Dance: Disney Party 2,Wii,Ubisoft San Francisco,N/A,0.01,2015-10-20
Just Dance: Disney Party 2,XOne,Ubisoft San Francisco,N/A,0.08,2015-10-20
Just Dance: Disney Party 2,X360,Ubisoft San Francisco,N/A,0.07,2015-10-20
Just Dance: Disney Party 2,WiiU,Ubisoft San Francisco,N/A,0.09,2015-10-20
Might & Magic Heroes VII,PC,Limbic Software,N/A,0.09,2015-09-29
Zombi,PS4,Ubisoft Montpellier,7.5,0.07,2015-08-18
Toy Soldiers: War Chest,XOne,Signal Studios,N/A,0.08,2015-08-11
Toy Soldiers: War Chest,PS4,Signal Studios,N/A,0.09,2015-08-11
F1 2015,PC,Codemasters Birmingham,N/A,0.06,2015-07-21
F1 2015,XOne,Codemasters Birmingham,N/A,0.25,2015-07-21
F1 2015,PS4,Codemasters Birmingham,N/A,0.68,2015-07-21
Tetris Ultimate,PSV,Ubisoft Montreal,N/A,0.00,2015-06-04
Assassin's Creed Chronicles: China,PS4,Ubisoft,N/A,0.04,2015-04-01
Assassin's Creed Chronicles: China,PC,Ubisoft,N/A,0.00,2015-04-01
Assassin's Creed: Rogue,PC,Ubisoft Sofia,N/A,0.10,2015-03-10
Lords of the Fallen,PS4,DECK13 Interactive,N/A,0.55,2014-10-28
The Mighty Quest for Epic Loot,PC,Unknown,N/A,0.01,2015-02-05
Rabbids Invasion: The Interactive TV Show,XOne,Ubisoft Paris,N/A,0.01,2015-01-01
Rabbids Invasion: The Interactive TV Show,PS4,Ubisoft Paris,N/A,0.02,2015-01-01
Rabbids Invasion: The Interactive TV Show,X360,Ubisoft Paris,N/A,0.00,2015-01-01
Trials Fusion,PC,Unknown,N/A,0.03,2015-01-01
Trials Fusion,PS4,Unknown,N/A,0.43,2014-04-16
Trials Fusion,XOne,RedLynx,N/A,0.25,2015-01-01
The Crew,PC,Ubisoft Reflections,N/A,0.15,2014-12-02
The Crew,XOne,Ubisoft Reflections,N/A,0.71,2014-12-02
The Crew,PS4,Ubisoft Reflections,N/A,1.78,2014-12-02
The Crew,X360,Ubisoft Reflections,N/A,0.23,2014-12-02
Watch Dogs,WiiU,Ubisoft Montreal,N/A,0.13,2014-11-18
Far Cry 4,PS4,Ubisoft Montreal,8.4,4.06,2014-11-18
Far Cry 4,PS3,Ubisoft Montreal,N/A,1.26,2014-11-18
Far Cry 4,PC,Ubisoft Montreal,8.5,0.64,2014-11-18
Far Cry 4,X360,Ubisoft Montreal,N/A,0.90,2014-11-18
Far Cry 4,XOne,Ubisoft Montreal,8.5,1.68,2014-11-18
Tetris Ultimate,3DS,Ubisoft Montreal,N/A,0.01,2014-11-11
Assassin's Creed: Rogue,X360,Ubisoft Sofia,N/A,1.02,2014-11-11
Assassin's Creed: Rogue,PS3,Ubisoft Sofia,N/A,1.30,2014-11-11
Assassin's Creed: Unity,PC,Ubisoft Montreal,N/A,0.56,2014-11-11
Assassin's Creed: Unity,PS4,Ubisoft Montreal,N/A,4.12,2014-11-11
Assassin's Creed: Unity,XOne,Ubisoft Montreal,N/A,3.58,2014-11-11
Shape Up,XOne,Ubisoft Montreal,N/A,0.18,2014-11-11
Rocksmith 2014,XOne,Ubisoft San Francisco,9.0,0.43,2016-10-04
Rocksmith 2014,PS4,Ubisoft San Francisco,N/A,0.67,2016-10-04
Just Dance 2015,Wii,Ubisoft Paris,N/A,2.09,2014-10-21
Just Dance 2015,PS3,Ubisoft Paris,N/A,0.28,2014-10-21
Just Dance 2015,XOne,Ubisoft Paris,8.1,0.54,2014-10-21
Just Dance 2015,X360,Ubisoft Paris,N/A,0.61,2014-10-21
Just Dance 2015,PS4,Ubisoft Paris,N/A,0.41,2014-10-21
Just Dance 2015,Wii,Ubisoft Paris,N/A,2.09,2014-10-21
Rayman Legends,PSV,Ubisoft Montpellier,N/A,0.16,2013-09-03
Child of Light,PSV,Ubisoft Montreal,N/A,0.08,2014-07-01
Watch Dogs,PS4,Ubisoft Montreal,N/A,4.32,2014-05-27
Watch Dogs,PS3,Ubisoft Montreal,N/A,1.83,2014-05-27
Watch Dogs,PC,Ubisoft Montreal,N/A,0.49,2014-05-27
Watch Dogs,XOne,Ubisoft Montreal,N/A,1.64,2014-05-27
Watch Dogs,X360,Ubisoft Montreal,N/A,1.29,2014-05-27
Child of Light,PC,Unknown,N/A,0.01,2014-04-30
Child of Light,PS4,Unknown,N/A,0.05,2014-04-30
Might & Magic X: Legacy,PC,Unknown,N/A,0.04,2014-04-01
South Park: The Stick of Truth,X360,Obsidian Entertainment,N/A,0.96,2014-03-04
South Park: The Stick of Truth,PC,Obsidian Entertainment,N/A,0.19,2014-03-04
South Park: The Stick of Truth,PS3,Obsidian Entertainment,N/A,0.97,2014-03-04
Rayman Legends,PS4,Ubisoft Montpellier,N/A,1.50,2014-02-18
Rayman Legends,XOne,Ubisoft Montpellier,N/A,0.38,2014-02-18
Tom Clancy's Rainbow Six: Patriots,PS3,Ubisoft,N/A,0.00,2014-01-01
Tom Clancy's Rainbow Six: Patriots,X360,Ubisoft,N/A,0.00,2014-01-01
Assassin's Creed IV: Black Flag,PS4,Ubisoft Montreal,8.3,3.19,2013-11-15
Just Dance 2014,PS4,Ubisoft Paris,7.5,0.47,2013-11-15
Assassin's Creed IV: Black Flag,WiiU,Ubisoft Montreal,8.5,0.29,2013-10-29
Assassin's Creed IV: Black Flag,PC,Ubisoft Montreal,8.5,0.63,2013-11-19
Assassin's Creed IV: Black Flag,XOne,Ubisoft Montreal,8.3,2.32,2013-11-22
Fighter Within,XOne,Daoka,N/A,0.17,2013-11-19
Just Dance 2014,XOne,Ubisoft Paris,N/A,0.48,2013-11-22
Assassin's Creed IV: Black Flag,PS3,Ubisoft Montreal,8.7,3.94,2013-10-29
Assassin's Creed IV: Black Flag,X360,Ubisoft Montreal,8.5,3.34,2013-10-29
2 in 1 Combo Pack: Sonic Heroes / Super Monkey Ball Deluxe,X360,Unknown,N/A,0.12,2013-10-22
Rocksmith 2014,PC,Ubisoft San Francisco,9.0,0.70,2016-10-04
Rocksmith 2014,PS3,Ubisoft San Francisco,9.1,1.04,2013-10-22
Rocksmith 2014,X360,Ubisoft San Francisco,8.4,0.98,2013-10-22
Just Dance 2014,WiiU,Ubisoft Paris,7.5,0.64,2013-10-08
Just Dance 2014,X360,Ubisoft Paris,7.6,1.02,2013-10-08
Just Dance 2014,PS3,Ubisoft Paris,7.8,0.39,2013-10-08
Just Dance 2014,Wii,Ubisoft Paris,7.4,3.89,2013-10-08
Rayman Legends,PC,Ubisoft Montpellier,N/A,0.00,2013-09-03
Rayman Legends,WiiU,Ubisoft Montpellier,9.5,0.68,2013-09-03
Rayman Legends,X360,Ubisoft Montpellier,N/A,0.46,2013-09-03
Rayman Legends,PS3,Ubisoft Montpellier,N/A,0.60,2013-09-03
Tom Clancy's Splinter Cell: Blacklist,X360,Ubisoft Toronto,8.4,1.00,2013-08-20
Tom Clancy's Splinter Cell: Blacklist,PS3,Ubisoft Toronto,8.3,0.98,2013-08-20
Tom Clancy's Splinter Cell: Blacklist,WiiU,Ubisoft Shanghai,9.2,0.13,2013-08-20
Tom Clancy's Splinter Cell: Blacklist,PC,Ubisoft Toronto,8.9,0.21,2013-08-20
The Smurfs 2,WiiU,Way Forward,N/A,0.10,2013-07-23
The Smurfs 2,X360,Way Forward,N/A,0.12,2013-07-23
The Smurfs 2,DS,Way Forward,N/A,0.19,2013-07-23
The Smurfs 2,Wii,Way Forward,N/A,0.10,2013-07-23
The Smurfs 2,PS3,Way Forward,N/A,0.09,2013-07-23
Sniper Elite V2,WiiU,Rebellion Developments,7.0,0.02,2013-05-21
Risen 2: Dark Waters,PS3,Piranha Bytes,5.5,0.23,2012-07-31
Marvel Avengers: Battle for Earth,WiiU,Ubisoft Quebec,N/A,0.12,2012-12-04
Assassin's Creed III,WiiU,Ubisoft Montreal,7.7,0.36,2012-11-18
ESPN: Sports Connection,WiiU,Ubisoft Barcelona,3.0,0.36,2012-11-18
Far Cry 3,PS3,Ubisoft Montreal,N/A,3.27,2012-12-04
Far Cry 3,X360,Ubisoft Montreal,N/A,2.98,2012-12-04
Far Cry 3,PC,Ubisoft Montreal,N/A,0.92,2012-12-04
Just Dance 4,WiiU,Ubisoft,N/A,0.38,2012-11-18
Rabbids Land,WiiU,Ubisoft Paris,6.1,0.03,2012-11-18
Your Shape: Fitness Evolved 2013,WiiU,Unknown,N/A,0.15,2012-11-18
ZombiU,WiiU,Ubisoft Montpellier,6.9,0.84,2012-11-18
Assassin's Creed III,PC,Ubisoft Montreal,8.6,0.89,2012-11-20
The Hip Hop Dance Experience,Wii,Unknown,N/A,0.00,2012-11-13
Marvel Avengers: Battle for Earth,X360,Unknown,N/A,0.02,2012-10-30
Assassin's Creed III: Liberation,PSV,Ubisoft,N/A,1.48,2012-10-30
Assassin's Creed III,PS3,Ubisoft Montreal,8.8,6.50,2012-10-30
Assassin's Creed III,X360,Ubisoft Montreal,N/A,5.31,2012-10-30
Just Dance: Disney Party,Wii,Land Ho!,N/A,0.14,2012-10-23
Just Dance: Disney Party,X360,Land Ho!,N/A,0.16,2012-10-23
Just Dance 4,PS3,Ubisoft,N/A,0.45,2012-10-09
Just Dance 4,X360,Ubisoft,N/A,1.21,2012-10-09
Just Dance 4,Wii,Ubisoft,N/A,6.89,2012-10-09
Brothers in Arms: Furious 4,PS3,Gearbox Software,N/A,0.07,2012-09-30
Brothers in Arms: Furious 4,X360,Gearbox Software,N/A,0.01,2012-09-30
Sniper Elite V2,PS3,Rebellion Developments,7.4,0.98,2012-05-02
Sniper Elite V2,X360,Rebellion Developments,7.0,0.84,2012-05-01
Tom Clancy's Ghost Recon: Future Soldier,PC,Ubisoft Paris,N/A,0.17,2012-05-22
Tom Clancy's Ghost Recon: Future Soldier,X360,Ubisoft Paris,N/A,1.48,2012-05-22
Tom Clancy's Ghost Recon: Future Soldier,PS3,Ubisoft Paris,N/A,0.96,2012-05-22
Rocksmith,PC,Ubisoft,N/A,0.12,2012-05-13
Just Dance: Greatest Hits,Wii,Ubisoft Paris,N/A,0.20,2012-07-26
Rayman Origins,PC,UBIart Montpellier,N/A,0.07,2012-03-29
Funky Barn 3D,3DS,Unknown,N/A,0.12,2012-04-03
Horses 3D,3DS,Ubisoft,N/A,0.04,2012-03-27
Rayman Origins,3DS,Ubisoft,N/A,0.15,2012-12-06
Asphalt: Injection,PSV,Ubisoft,N/A,0.26,2012-02-14
Lumines: Electronic Symphony,PSV,Q Entertainment,N/A,0.24,2012-02-14
Rayman Origins,PSV,UBIart Montpellier,N/A,0.59,2012-02-14
Michael Jackson The Experience HD,PSV,Longtail Studios,N/A,0.10,2012-02-14
Just Dance 3,PS3,Ubisoft Paris,N/A,0.63,2011-12-06
The Adventures of Tintin: The Game,PS3,Ubisoft,N/A,0.26,2011-12-06
The Adventures of Tintin: The Game,X360,Ubisoft,5.0,0.24,2011-12-06
The Adventures of Tintin: The Game,Wii,Ubisoft,N/A,0.33,2011-12-06
The Adventures of Tintin: The Game,3DS,Ubisoft Montpellier,N/A,0.16,2011-12-06
The Adventures of Tintin: The Game,PC,Ubisoft,N/A,0.01,2011-12-06
Assassin's Creed: Revelations,PC,Ubisoft Montreal,N/A,0.76,2011-11-29
ABBA: You Can Dance,Wii,Ubisoft,N/A,0.77,2011-11-15
James Noir's Hollywood Crimes,3DS,Ubisoft,N/A,0.16,2011-11-01
Hole in the Wall: Deluxe Edition,X360,Ubisoft,N/A,0.11,2011-11-20
Anno 2070,PC,Blue Byte Studio,8.7,1.40,2011-11-17
Assassin's Creed: Revelations,X360,Ubisoft Montreal,7.9,4.22,2011-11-15
Assassin's Creed: Revelations,PS3,Ubisoft Montreal,8.8,4.23,2011-11-15
Rayman Origins,Wii,Ubisoft,9.5,0.55,2011-11-15
Rayman Origins,X360,Ubisoft,9.0,0.78,2011-11-15
Rayman Origins,PS3,Ubisoft,8.5,1.00,2011-11-15
The Price is Right: Decades,X360,Ludia Inc.,N/A,0.12,2011-11-15
Puppies 3D,3DS,Ubisoft,N/A,0.13,2011-11-08
The Black Eyed Peas Experience,Wii,Ubisoft,N/A,0.62,2011-11-08
The Black Eyed Peas Experience,X360,Ubisoft,N/A,0.32,2011-11-08
Michael Jackson: The Experience 3D,3DS,Longtail Studios,N/A,0.17,2011-11-08
Rabbids: Alive & Kicking,X360,Ubisoft,N/A,0.29,2011-11-08
Self-Defense Training Camp,X360,Ubisoft,N/A,0.12,2011-11-08
Your Shape: Fitness Evolved 2012,X360,Ubisoft Montreal,N/A,1.16,2011-11-08
MotionSports: Adrenaline,X360,Ubisoft Vancouver,N/A,0.27,2011-11-01
MotionSports: Adrenaline,PS3,Ubisoft Vancouver,N/A,0.16,2011-11-01
Who Wants to Be A Millionaire?,X360,Ubisoft,N/A,0.10,2011-11-01
NCIS,PS3,Ubisoft,N/A,0.12,2011-11-01
NCIS,PC,Ubisoft,N/A,0.04,2011-11-01
NCIS,X360,Ubisoft,N/A,0.14,2011-11-01
NCIS,Wii,Ubisoft,N/A,0.13,2011-11-01
NCIS 3D,3DS,Ubisoft,N/A,0.11,2012-08-14
Just Dance Kids 2,Wii,Ubisoft,N/A,0.27,2011-10-25
Just Dance Kids 2,PS3,Ubisoft,N/A,0.24,2011-10-25
Just Dance Kids 2,X360,Ubisoft,N/A,0.41,2011-10-25
Zoo Resort 3D,3DS,AQ Interactive,N/A,0.26,2011-10-25
Family Feud: 2012 Edition,Wii,Ubisoft,N/A,0.19,2011-10-18
Family Feud: 2012 Edition,X360,Ubisoft,N/A,0.11,2011-10-18
Petz Puppyz & Kittenz,DS,Ubisoft,N/A,0.12,2011-10-18
PowerUp Heroes,X360,Ubisoft,4.0,0.30,2011-10-18
Rocksmith,PS3,Ubisoft,8.0,1.13,2011-10-18
Rocksmith,X360,Ubisoft,8.0,1.13,2011-10-18
The Price is Right: Decades,Wii,Ludia Inc.,N/A,0.12,2011-10-18
WRC 2: FIA World Rally Championship,X360,Milestone S.r.l,5.8,0.07,2011-10-14
WRC 2: FIA World Rally Championship,PC,Milestone S.r.l,N/A,0.02,2011-10-14
WRC 2: FIA World Rally Championship,PS3,Milestone S.r.l,N/A,0.16,2011-10-14
Might & Magic Heroes VI,PC,Black Hole Games,7.4,0.35,2011-10-13
Imagine: Fashion Designer,3DS,Ubisoft Sofia,N/A,0.15,2011-10-11
Just Dance 3,Wii,Ubisoft Paris,7.5,10.14,2011-10-07
Just Dance 3,X360,Ubisoft Paris,5.5,2.02,2011-10-07
Child of Eden,PS3,Q Entertainment,7.7,0.22,2011-09-27
Driver: San Francisco,PC,Ubisoft Reflections,8.3,0.19,2011-09-27
Tom Clancy's Splinter Cell Trilogy,PS3,Ubisoft,6.5,0.11,2011-09-27
Call of Juarez: The Cartel,PC,Techland,4.5,0.12,2011-09-13
Puzzler Mind Gym 3D,3DS,Ubisoft,N/A,0.08,2011-09-13
Driver: San Francisco,X360,Ubisoft Reflections,8.1,0.70,2011-09-06
Driver: San Francisco,Wii,Ubisoft Reflections,7.0,0.17,2011-09-06
Driver: San Francisco,PS3,Ubisoft Reflections,8.2,0.95,2011-09-06
Driver: Renegade,3DS,Ubisoft,N/A,0.09,2011-09-06
From Dust,PC,Ubisoft Montpellier,8.2,0.00,2011-08-17
Sniper: Ghost Warrior,PS3,City Interactive,4.5,0.83,2011-06-28
Call of Juarez: The Cartel,PS3,Techland,5.4,0.29,2011-07-19
Call of Juarez: The Cartel,X360,Techland,5.2,0.27,2011-07-19
Just Dance: Summer Party,Wii,Ubisoft Paris,N/A,0.42,2011-07-19
The Smurfs,DS,Ubisoft,N/A,0.41,2011-07-19
The Smurfs: Dance Party,Wii,Ubisoft,N/A,0.30,2011-07-19
Just Dance 2: Extra Songs,Wii,Ubisoft Paris,N/A,0.20,2011-07-15
Petz Fantasy 3D,3DS,Ubisoft,N/A,0.07,2011-06-21
Tom Clancy's Splinter Cell Classic Trilogy HD,PSN,Ubisoft,N/A,0.02,2011-06-21
Child of Eden,X360,Q Entertainment,8.3,0.44,2011-06-14
Cubic Ninja,3DS,AQ Interactive,5.5,0.10,2011-06-14
Michael Jackson: The Experience,PS3,Ubisoft Montreal,N/A,0.53,2011-04-12
Michael Jackson: The Experience,X360,Ubisoft Montreal,5.6,0.87,2011-04-12
IL-2 Sturmovik: Cliffs of Dover,PC,1C: Maddox Games,5.0,0.05,2011-04-26
Rayman 3D,3DS,Ubisoft,6.3,0.64,2011-03-22
Tom Clancy's Ghost Recon: Shadow Wars,3DS,Ubisoft,7.9,0.34,2011-03-22
Raving Rabbids: Travel in Time 3D,3DS,Ubisoft Paris,5.8,0.38,2011-04-10
Asphalt 3D,3DS,Konami,4.0,0.49,2011-03-22
Assassin's Creed: Brotherhood,PC,Ubisoft Montreal,8.7,0.59,2011-03-22
Combat of Giants: Dinosaurs 3D,3DS,Ubisoft,4.3,0.39,2011-03-22
My Fitness Coach: Club,PS3,Ubisoft,N/A,0.13,2011-03-18
My Fitness Coach: Club,Wii,Ubisoft,N/A,0.05,2011-03-18
Tom Clancy's Splinter Cell 3D,3DS,Gameloft,8.0,0.30,2011-04-10
Dance on Broadway,PS3,Longtail Studios,N/A,0.09,2011-03-15
Fit in Six,PS3,Blue Byte Studio,N/A,0.13,2011-03-15
Fit in Six,Wii,Blue Byte Studio,N/A,0.11,2011-03-15
Petz Bunnyz Bunch,DS,Ubisoft,N/A,0.05,2011-03-08
"The $1,000,000 Pyramid",Wii,Ubisoft,N/A,0.08,2011-03-08
Two Worlds II,PS3,Reality Pump,6.5,0.47,2011-01-25
Two Worlds II,X360,Reality Pump,6.5,0.54,2011-01-25
We Dare: Flirty Fun For All,Wii,Ubisoft Milan,N/A,0.00,2011-02-11
CSI: Unsolved!,DS,Other Ocean Interactive,N/A,0.20,2010-11-23
Michael Jackson: The Experience,PSP,Ubisoft Montreal,N/A,0.16,2010-11-23
Michael Jackson: The Experience,Wii,Ubisoft Montpellier,5.6,4.37,2010-11-23
Michael Jackson: The Experience,DS,Longtail Studios,N/A,0.25,2010-11-23
Raving Rabbids: Travel in Time,Wii,Ubisoft Paris,N/A,0.75,2010-11-21
Prince of Persia Trilogy,PS3,Ubisoft,8.3,0.51,2011-04-19
Take A Break's: Puzzle Bonanza,DS,Ubisoft,N/A,0.01,2010-11-19
Assassin's Creed: Brotherhood,X360,Ubisoft Montreal,9.1,3.53,2010-11-16
Assassin's Creed: Brotherhood,PS3,Ubisoft Montreal,9.1,2.85,2010-11-16
Tom Clancy's Ghost Recon,Wii,Ubisoft Paris,N/A,0.12,2010-11-16
Tom Clancy's Ghost Recon: Predator,PSP,Ubisoft,N/A,0.10,2010-11-16
Tom Clancy's HAWX 2,PC,Ubisoft Bucharest,N/A,0.05,2010-11-11
Battle of Giants: Dinosaurs Strike,Wii,Ubisoft Quebec City,N/A,0.19,2010-11-09
Family Feud Decades,Wii,Ludia Inc.,N/A,0.16,2010-11-09
Just Dance Kids,Wii,Ubisoft Paris,N/A,2.25,2010-11-09
Tom Clancy's HAWX 2,Wii,Ubisoft Bucharest,N/A,0.10,2010-11-09
Fighters Uncaged,X360,AMA Studios,3.2,0.60,2010-11-04
MotionSports,X360,Ubisoft Milan,4.1,0.69,2010-11-04
Your Shape: Fitness Evolved    Read the review,X360,Ubisoft Montreal,7.0,1.32,2010-11-04
Imagine: Fashion Stylist,DS,Magic Pockets,N/A,0.14,2010-11-02
CSI: Fatal Conspiracy,PC,Telltale Games,N/A,0.04,2010-10-26
CSI: Fatal Conspiracy,PS3,Telltale Games,N/A,0.19,2010-10-26
CSI: Fatal Conspiracy,Wii,Telltale Games,N/A,0.22,2010-10-26
CSI: Fatal Conspiracy,X360,Telltale Games,N/A,0.17,2010-10-26
Imagine: Resort Owner,DS,Ubisoft,N/A,0.06,2010-10-26
Petz: Catz Playground,DS,Ubisoft Nagoya,N/A,0.03,2010-10-26
The Amazing Race,Wii,Ludia Inc.,N/A,0.13,2010-10-26
Shaun White Skateboarding,Wii,Ubisoft Montreal,N/A,0.18,2010-10-24
Shaun White Skateboarding,PC,Ubisoft Montreal,N/A,0.03,2010-10-24
Shaun White Skateboarding,X360,Ubisoft Montreal,6.1,0.16,2010-10-24
Shaun White Skateboarding,PS3,Ubisoft Montreal,6.6,0.20,2010-10-24
Peppa Pig: Fun and Games,Wii,Ubisoft,N/A,0.13,2010-10-22
Puzzler World 2,DS,Ubisoft,N/A,0.11,2011-08-16
Just Dance 2,Wii,Ubisoft Paris,7.3,9.45,2010-10-12
Let's Draw!,DS,Agatsuma Entertainment,N/A,0.54,2010-03-16
Tom Clancy's HAWX 2,PS3,Ubisoft Bucharest,N/A,0.41,2010-09-07
Hollywood Squares,Wii,Ubisoft,N/A,0.11,2010-10-05
Petz Fantasy: Sunshine Magic,DS,Ubisoft,N/A,0.08,2010-10-05
Sports Collection,DS,Ubisoft Pune,N/A,0.08,2010-10-05
Who Wants to Be a Millionaire: 3rd Edition,DS,Ubisoft,N/A,0.04,2010-10-05
Who Wants to Be a Millionaire: 3rd Edition,Wii,Ubisoft,N/A,0.10,2010-10-05
Petz Fantasy: Moonlight Magic,DS,Ubisoft,N/A,0.12,2010-09-28
Arthur and the Revenge of Maltazard,PS3,Avalanche Productions,N/A,0.00,2010-09-24
TrackMania Turbo: Build to Race,DS,Firebrand Games,N/A,0.05,2011-04-12
Racquet Sports,PS3,Asobo Studio,4.2,0.34,2010-09-14
R.U.S.E.,PS3,Eugen Systems,8.0,0.50,2010-09-07
R.U.S.E.,X360,Eugen Systems,8.0,0.27,2010-09-07
R.U.S.E.,PC,Eugen Systems,8.0,0.26,2010-09-07
Tom Clancy's HAWX 2,X360,Ubisoft Bucharest,N/A,0.36,2010-09-07
Rabbids Party Collection,Wii,Ubisoft Montpellier,N/A,0.18,2010-08-27
Gold's Gym: Dance Workout,Wii,Land Ho!,N/A,0.86,2010-08-17
Assassin's Creed II: Complete Edition,PS3,Ubisoft Montreal,N/A,0.00,2010-06-04
Assassin's Creed II: Complete Edition,X360,Ubisoft Montreal,N/A,0.00,2010-06-04
Galaxy Racers,DS,Ubisoft,N/A,0.05,2010-07-27
Dance on Broadway,Wii,Longtail Studios,N/A,1.04,2010-06-15
Pure Futbol,PS3,Ubisoft Vancouver,4.0,0.24,2010-06-01
Pure Futbol,X360,Ubisoft Vancouver,3.8,0.18,2010-06-01
Imagine Animal Doctor Care Center,DS,Virtual Toys,N/A,0.05,2010-05-18
Prince of Persia: The Forgotten Sands,PSP,Quebec City,N/A,0.37,2010-05-18
Prince of Persia: The Forgotten Sands,X360,Ubisoft Montreal,7.5,0.62,2010-05-18
Prince of Persia: The Forgotten Sands,PC,Ubisoft Montreal,N/A,0.03,2010-05-18
Prince of Persia: The Forgotten Sands,Wii,Quebec City,7.5,0.24,2010-05-18
Prince of Persia: The Forgotten Sands,PS3,Ubisoft Montreal,N/A,0.69,2010-05-18
Prince of Persia: The Forgotten Sands,DS,Ubisoft Montreal,N/A,0.15,2010-05-18
Tom Clancy's Splinter Cell: Conviction,PC,Ubisoft Montreal,8.0,0.10,2010-04-27
OK! Puzzle Stars,DS,TBD,N/A,0.06,2010-04-23
Tom Clancy's Splinter Cell: Conviction    Read the review,X360,Ubisoft Montreal,8.6,2.06,2010-04-13
Peppa Pig: Fun and Games,DS,Ubisoft,N/A,0.66,2010-03-26
Red Steel 2    Read the review,Wii,Ubisoft Paris,7.8,0.62,2010-03-23
The Settlers 7: Paths to a Kingdom,PC,Blue Byte,7.8,0.31,2010-03-23
Assassin's Creed II,PC,Ubisoft Montreal,8.5,0.54,2010-03-09
Assassin's Creed II: Deluxe Edition,PC,Ubisoft Montreal,N/A,0.13,2010-03-09
Racquet Sports,Wii,Asobo Studio,N/A,0.25,2010-03-09
Battle of Giants: Mutant Insects,DS,Ubisoft Quebec,N/A,0.27,2010-03-02
Imagine: Sweet 16,DS,Longtail Studios,N/A,0.03,2010-03-02
Silent Hunter 5: Battle of the Atlantic,PC,Ubisoft Romania,N/A,0.25,2010-03-02
Dawn of Discovery: Venice,PC,Blue Byte Software / Related Designs,7.0,0.01,2010-02-26
Hello Kitty: Puzzle Party,PSP,Dorart,N/A,0.01,2010-02-19
Best Friends Tonight,DS,Ubisoft,N/A,0.03,2010-02-09
Imagine: Reporter,DS,Visual Impact,N/A,0.10,2010-02-02
No More Heroes 2: Desperate Struggle    Read the review,Wii,Grasshopper Manufacture,8.5,0.40,2010-01-26
My Fitness Coach 2: Exercise and Nutrition,Wii,Lightning Fish,N/A,0.18,2010-01-05
James Cameron's Avatar: The Game,PSP,Ubisoft Montreal,3.9,0.61,2009-12-01
Sleepover Party,Wii,Ubisoft,N/A,0.04,2010-01-12
James Cameron's Avatar: The Game,DS,Ubisoft Montreal,6.4,0.40,2009-12-01
James Cameron's Avatar: The Game,PS3,Ubisoft Montreal,5.8,0.90,2009-12-01
James Cameron's Avatar: The Game,Wii,Ubisoft Montreal,5.9,0.72,2009-12-01
James Cameron's Avatar: The Game,PC,Ubisoft Montreal,6.4,0.04,2009-12-01
James Cameron's Avatar: The Game,X360,Ubisoft Montreal,6.0,0.77,2009-12-01
Might & Magic: Clash of Heroes,DS,Capybara Games,8.6,0.18,2009-12-01
Cook Wars,Wii,Virtual Toys,N/A,0.04,2009-11-24
Your Shape featuring Jenny McCarthy,Wii,Ubisoft,6.0,2.16,2009-11-24
Assassin's Creed II    Read the review,X360,Ubisoft Montreal,9.1,5.30,2009-11-17
Assassin's Creed II    Read the review,PS3,Ubisoft Montreal,9.0,5.57,2009-11-17
Assassin's Creed II: Discovery,DS,Griptonite Games,7.3,0.28,2009-11-17
Assassin's Creed: Bloodlines    Read the review,PSP,Griptonite Studio,6.3,1.26,2009-11-17
Imagine: Artist,DS,Ubisoft,N/A,0.05,2009-11-17
Just Dance,Wii,Ubisoft Paris,5.4,7.21,2009-11-17
Petz Hamsterz Superstarz,DS,Ubisoft,N/A,0.10,2009-11-17
Petz: Dogz Talent Show,DS,Ubisoft,N/A,0.15,2009-11-17
Take A Break's: Puzzle Master,DS,Ubisoft,N/A,0.16,2009-11-13
Fairyland Melody Magic,DS,Ubisoft Shanghai,N/A,0.00,2009-11-10
Petz Nursery,DS,Ubi Nagoya,N/A,0.54,2009-11-10
Style Lab: Jewelry Design,DS,1st Playable Productions,N/A,0.33,2009-11-10
Style Lab: Makeover,DS,Jet Black Games,N/A,0.40,2009-11-10
Team Elimination Games,Wii,Ubisoft,N/A,0.08,2009-11-10
Teenage Mutant Ninja Turtles: Arcade Attack,DS,Ubisoft,4.3,0.13,2009-11-10
Shaun White Snowboarding: World Stage,Wii,Ubisoft Montreal,7.2,0.30,2009-11-08
Knockout Party,Wii,Ubisoft,N/A,0.00,2009-11-06
Academy of Champions: Soccer    Read the review,Wii,Ubisoft Vancouver,7.1,0.12,2009-11-03
C.O.P.: The Recruit,DS,Ubisoft,5.7,0.08,2009-11-03
Imagine: Babyz Fashion,DS,Visual Impact,N/A,0.19,2009-11-03
Rabbids Go Home,DS,Ubisoft Montpellier,8.8,0.72,2009-11-03
Rabbids Go Home    Read the review,Wii,Ubisoft Montpellier,8.0,1.13,2009-11-03
100 All-Time Favorites,DS,Ubisoft,N/A,0.51,2009-10-27
CSI: Deadly Intent,Wii,Telltale Games,N/A,0.28,2009-10-27
CSI: Deadly Intent,X360,Telltale Games,N/A,0.20,2009-10-27
CSI: Deadly Intent - The Hidden Cases,DS,Other Ocean Interactive,N/A,0.35,2009-10-27
Monster 4x4: Stunt Racer,Wii,Ubisoft Reflections,N/A,0.18,2009-10-27
Petz: Dolphinz Encounter,DS,Magic Pockets,N/A,0.03,2009-10-27
Petz: Saddle Club,PSP,Digital Kids,N/A,0.09,2009-10-27
Press Your Luck 2010 Edition,DS,Ludia Inc.,N/A,0.20,2009-10-27
Press Your Luck 2010 Edition,Wii,Ludia Inc.,N/A,0.35,2009-10-27
Imagine: Fashion Designer World Tour,DS,Virtual Toys,N/A,0.29,2009-10-20
Jam Sessions 2,DS,Ubisoft,N/A,0.07,2009-10-20
Petz Pony: Beauty Pageant,DS,HotGen Studios,N/A,0.19,2009-10-13
Imagine: Zookeeper,DS,Magic Pockets,N/A,0.24,2009-10-06
Imagine: Party Planner,DS,Ubisoft,N/A,0.05,2010-01-26
Puzzler World,DS,Idea Pad,N/A,0.77,2009-12-08
Metropolis Crimes,DS,Lexis Numerique,N/A,0.00,2009-10-01
Battle of Giants: Dragons,DS,Ubisoft Quebec,N/A,0.62,2009-09-29
Family Feud: 2010 Edition    Read the review,Wii,Ludia Inc.,N/A,0.62,2009-09-29
Family Feud: 2010 Edition,DS,Ludia Inc.,N/A,0.26,2009-09-29
Imagine: Salon Stylist,DS,Playbox Limited,N/A,0.37,2009-09-29
Teenage Mutant Ninja Turtles: Smash-Up,PS2,Game Arts,7.2,0.21,2009-09-29
Heroes over Europe,PC,Transmission Games,N/A,0.00,2009-09-22
Teenage Mutant Ninja Turtles: Smash-Up    Read the review,Wii,Game Arts,7.2,0.35,2009-09-22
The Price Is Right 2010 Edition    Read the review,Wii,Ludia Inc.,N/A,0.24,2009-09-22
The Price Is Right 2010 Edition,DS,Ludia Inc.,N/A,0.13,2009-09-22
Where's Waldo? The Fantastic Journey,Wii,Classic Media Distribution Limited,N/A,0.19,2009-09-22
Where's Waldo? The Fantastic Journey,DS,Classic Media Distribution Limited,N/A,0.21,2009-09-22
Velvet Assassin    Read the review,X360,Replay Studios,5.3,0.18,2009-04-30
Cloudy With a Chance of Meatballs,X360,Ubisoft Shanghai,6.7,0.09,2009-09-15
Cloudy With a Chance of Meatballs,DS,Ubisoft Shanghai,N/A,0.22,2009-09-15
Cloudy With a Chance of Meatballs,PSP,Ubisoft Shanghai,6.0,0.08,2009-09-15
Cloudy With a Chance of Meatballs,PS3,Ubisoft Shanghai,6.7,0.10,2009-09-15
Cloudy With A Chance of Meatballs,Wii,Ubisoft Shanghai,6.7,0.11,2009-09-15
Heroes over Europe,X360,Transmission Games,N/A,0.14,2009-09-15
Heroes Over Europe,PS3,Transmission Games,N/A,0.16,2009-09-15
Imagine: Detective,DS,Ubisoft Sao Paulo,N/A,0.22,2009-09-08
Imagine: Teacher Class Trip,DS,Ubisoft,N/A,0.24,2009-08-25
Imagine: Soccer Captain,DS,Ubisoft,N/A,0.10,2009-08-11
City Life DS,DS,Ubisoft,N/A,0.00,2009-08-07
Gold's Gym: Cardio Workout (Others sales),Wii,Rocket Company,N/A,0.31,2009-03-25
Summer Sports 2: Island Sports Party,Wii,Digital Embryo,N/A,0.26,2008-12-18
Call of Juarez: Bound in Blood,PC,Techland,N/A,0.03,2009-06-30
Call of Juarez: Bound in Blood    Read the review,X360,Techland,7.6,0.60,2009-06-30
Call of Juarez: Bound in Blood    Read the review,PS3,Techland,7.7,0.88,2009-06-30
Dawn of Discovery,PC,Related Designs,8.4,0.37,2009-06-25
Classic Word Games,DS,Ubisoft,N/A,0.52,2009-06-23
Dawn of Discovery    Read the review,Wii,Sunflowers Interactive,7.9,0.19,2009-06-23
Dawn of Discovery,DS,Sunflowers Interactive,7.9,0.11,2009-06-23
My Healthy Cooking Coach,DS,Ubisoft,N/A,0.10,2009-06-23
Imagine: Champion Rider 2009,PSP,Phoenix Interactive,N/A,0.00,2009-06-19
Petz: Dogz Family,PSP,Ubisoft,N/A,0.08,2009-10-27
Petz: Hamsterz Bunch,PSP,Ubisoft,N/A,0.07,2009-10-27
Petz Fashion: Dogz & Catz,DS,Ubisoft,N/A,0.11,2009-06-09
Imagine: Boutique Owner,DS,Creative Patterns,N/A,0.21,2009-06-02
Imagine: Music Fest,DS,Handheld Games,N/A,0.16,2009-05-12
X-Blades,PC,Gaijin Entertainment,6.4,0.00,2009-02-10
X-Blades,PS3,Gaijin Entertainment,5.9,0.14,2009-02-10
X-Blades,X360,Gaijin Entertainment,6.0,0.14,2009-02-10
Tenchu: Shadow Assassins    Read the review,PSP,From Software,7.5,0.12,2009-03-24
Fashion Studio: Paris Collection,DS,Ubisoft,N/A,0.14,2009-03-31
Imagine: My Restaurant,DS,Vicarious Visions,N/A,0.08,2009-03-27
Kids Pack: Open Season / Surf's Up,PSP,Ubisoft,N/A,0.00,2009-03-27
Vin Diesel: Wheelman,PC,Tigon,6.5,0.00,2009-03-24
Vin Diesel: Wheelman,X360,Tigon,6.7,0.45,2009-03-24
Gold's Gym: Cardio Workout,Wii,Rocket Company,N/A,1.29,2009-03-25
Imagine: Family Doctor,DS,WizarBox,N/A,0.30,2009-03-25
Broken Sword: Shadow of the Templars - The Director's Cut    Read the review,Wii,Revolution Software,7.5,0.24,2009-03-24
Broken Sword: Shadows of the Templars - The Director's Cut,DS,Revolution Software,N/A,0.17,2009-03-24
Vin Diesel: Wheelman,PS3,Tigon,6.9,0.32,2009-03-24
National Geographic Panda (JP sales),DS,Bandai Namco Games,N/A,0.01,2008-11-11
National Geographic Panda (US sales),DS,Namco Bandai Games,N/A,0.04,2008-11-11
Scrabble,DS,Stainless Games,N/A,0.25,2009-03-17
Scrabble (Others sales),DS,Electronic Arts,N/A,0.24,2009-03-17
World in Conflict: Complete Edition,PC,Massive Entertainment / Swordfish Studios,N/A,0.03,2009-03-17
Sam Power: Footballer,DS,Tectoy Digital,N/A,0.00,2009-03-13
Jake Power: Handyman,DS,Magic Pockets,N/A,0.07,2009-03-11
My English Coach: Para Hispanoparlantes,DS,Ubisoft,N/A,0.08,2009-03-10
Vacation Sports,Wii,Mere Mortals,N/A,0.11,2009-03-10
World in Conflict: Soviet Assault,PC,Massive Entertainment / Swordfish Studios,6.1,0.00,2009-03-10
Grey's Anatomy: The Video Game,Wii,Longtail Studios,N/A,0.06,2009-03-04
Grey's Anatomy: The Video Game,PC,Longtail Studios,N/A,0.02,2009-03-04
Grey's Anatomy: The Video Game,DS,Longtail Studios,N/A,0.04,2009-03-04
Brain Challenge Deluxe,PS3,Gameloft,N/A,0.00,2009-03-03
Six Flags Fun Park,Wii,7 Studios,N/A,0.40,2009-03-03
Tom Clancy's HAWX,X360,Ubisoft Romania,6.9,0.58,2009-03-03
Tom Clancy's HAWX,PC,Ubisoft Romania,N/A,0.04,2009-03-03
Tom Clancy's HAWX,PS3,Ubisoft Romania,7.5,0.56,2009-03-03
Tom Clancy's EndWar,PC,Ubisoft Shanghai,N/A,0.02,2009-02-24
Imagine: Ice Champions,DS,Spike Co.,N/A,0.16,2009-02-25
Jake Power: Policeman,DS,Magic Pockets,N/A,0.05,2009-02-17
Jake Power: Fireman,DS,Magic Pockets,N/A,0.47,2009-02-10
Tenchu: Shadow Assassins    Read the review,Wii,Acquire,7.0,0.21,2009-02-05
Imagine: Fashion Party,Wii,Virtual Toys / Lexis Numerique,N/A,0.26,2009-02-03
Petz: Horseshoe Ranch,DS,Ubisoft,N/A,0.17,2009-02-03
Imagine: Cheerleader,DS,1st Playable Productions,N/A,0.06,2009-01-27
Jojo's Fashion Show: Design in a Dash!,DS,GameLab,N/A,0.04,2009-01-27
Prince of Persia (2008),PC,Ubisoft Montreal,N/A,0.03,2008-12-09
Shaun White Snowboarding,PC,Ubisoft Montreal,N/A,0.00,2008-12-03
Happy Cooking,DS,MTO,N/A,0.19,2008-12-02
My Fitness Coach,Wii,Ubisoft,7.1,2.32,2008-12-02
My Fun Facts Coach,DS,Ubisoft,N/A,0.07,2008-12-02
Prince of Persia    Read the review,PS3,Ubisoft Montreal,8.3,1.07,2008-12-02
Prince of Persia    Read the review,X360,Ubisoft Montreal,8.2,1.01,2008-12-02
Prince of Persia: The Fallen King,DS,Ubisoft Casablanca,N/A,0.07,2008-12-02
Wordfish,DS,Ubisoft,N/A,0.08,2008-12-02
Armored Core: For Answer,X360,From Software,6.5,0.15,2008-09-16
Who Wants to be a Millionaire: 2nd Edition,DS,Route 1 Games,N/A,0.01,2008-11-28
Who Wants to be a Millionaire: 2nd Edition,Wii,Route 1 Games,N/A,0.02,2008-11-28
Brain Challenge,PSN,Gameloft,N/A,0.00,2008-11-25
How To Pass Your Driving Test,DS,Ubisoft,N/A,0.00,2008-11-21
Imagine: Gymnast,DS,1st Playable Productions,N/A,0.06,2010-03-23
CSI: NY - The Game,PC,Legacy Interactive,N/A,0.00,2008-11-18
Imagine: Ballet Star,DS,Spike Co.,N/A,0.25,2008-11-18
Imagine: Movie Star,DS,Powerhead Games,N/A,0.34,2008-11-18
Naruto: The Broken Bond,X360,Ubisoft Montreal,7.6,0.59,2008-11-18
Petz Catz Clan,DS,Ubisoft,5.0,0.55,2008-11-18
Petz Monkeyz House,DS,Ubisoft,5.5,0.22,2008-11-18
Petz Rescue: Endangered Paradise,DS,Phoenix Interactive Entertainment,N/A,0.22,2008-11-18
Petz: Crazy Monkeyz,Wii,Ubisoft,3.5,0.26,2008-11-18
Rayman Raving Rabbids: TV Party,DS,Ubisoft Casablanca,N/A,0.48,2008-11-18
Rayman Raving Rabbids: TV Party    Read the review,Wii,Ubisoft Paris,7.1,2.03,2008-11-18
Shaun White Snowboarding,PSP,Ubisoft Montreal,6.3,0.34,2008-11-16
Shaun White Snowboarding    Read the review,X360,Ubisoft Montreal,6.2,0.81,2008-11-16
Shaun White Snowboarding,PS2,Ubisoft Montreal,6.2,0.31,2008-11-16
Shaun White Snowboarding,DS,Ubisoft Montreal,6.2,0.23,2008-11-16
Shaun White Snowboarding    Read the review,PS3,Ubisoft Montreal,6.0,0.66,2008-11-16
Shaun White Snowboarding: Road Trip    Read the review,Wii,Ubisoft Montreal,7.8,1.66,2008-11-16
Imagine: Party Babyz,Wii,Visual Impact,N/A,0.38,2008-11-11
My Stop Smoking Coach: Allen Carr's EasyWay,DS,Ubisoft Quebec,N/A,0.09,2008-11-11
Petz: Horse Club,Wii,Phoenix,N/A,0.21,2008-11-11
Imagine: Champion Rider,Wii,Phoenix Interactive,N/A,0.00,2008-11-07
Family Fest presents: Movie Games,Wii,Phoenix Games,N/A,0.23,2008-11-04
Imagine: Interior Designer,DS,Little Worlds Studio / Anuman Interactive,N/A,0.72,2008-11-04
Imagine: Wedding Designer,DS,Virtual Toys / Lexis Numerique,N/A,1.28,2008-11-04
Petz Sports,Wii,Ubisoft Montreal,5.0,0.47,2008-11-04
Petz: Dogz Pack,DS,Ubisoft,N/A,0.61,2008-11-04
Petz: Dogz Pack,DS,Ubisoft,N/A,0.00,2008-11-04
Real Soccer 2009,DS,Gameloft,N/A,0.06,2008-11-04
Tom Clancy's EndWar,DS,Funatics Software,N/A,0.09,2008-11-04
Tom Clancy's EndWar,PSP,Funatics Software,6.7,0.11,2008-11-04
Tom Clancy's EndWar,PS3,Ubisoft Shanghai,N/A,0.67,2008-11-04
Tom Clancy's EndWar,X360,Ubisoft Shanghai,8.0,0.91,2008-11-04
Petz Rescue: Ocean Patrol,DS,Magic Pockets,N/A,0.37,2008-10-28
Petz Rescue: Wildlife Vet,DS,Virtual Toys / Lexis Numerique,N/A,0.38,2008-10-28
TV Show King Party,Wii,Gameloft,N/A,0.66,2008-10-28
Far Cry 2,PC,Ubisoft Montreal,8.4,0.48,2008-10-21
Battle of Giants: Dinosaurs,DS,Ubisoft Quebec,N/A,0.81,2008-10-21
Ener-G Horse Riders,DS,Lexis Numerique,N/A,0.16,2008-10-21
Ener-G: Dance Squad,DS,Lexis Numerique,N/A,0.16,2008-10-21
Ener-G: Gym Rockets,DS,Mud Duck Productions,N/A,0.39,2008-10-21
Family Fest Presents Circus Games,Wii,Kuju Entertainment,N/A,0.44,2008-10-21
Far Cry 2    Read the review,X360,Ubisoft Montreal,8.5,1.59,2008-10-21
Far Cry 2    Read the review,PS3,Ubisoft Montreal,8.4,1.38,2008-10-21
Petz Rescue: Wildlife Vet,Wii,Virtual Toys / Lexis Numerique,N/A,0.21,2008-10-21
Puzzler Collection,Wii,Route 1 Games,N/A,0.06,2008-07-29
Cesar Millan's Dog Whisperer,DS,Ubisoft,N/A,0.05,2008-10-15
My Japanese Coach,DS,Ubisoft,N/A,0.27,2008-10-15
The Dog Island,PS2,Yuke's Media Creations,N/A,0.27,2008-10-14
Imagine: Fashion Designer New York,DS,Virtual Toys / Lexis Numerique,N/A,1.07,2008-10-13
Brothers in Arms: Hell's Highway,PC,Gearbox Software,6.0,0.02,2008-10-07
Imagine: Babysitters,DS,Visual Impact,N/A,1.09,2008-10-07
My Spanish Coach,PSP,Sensory Sweep Studios,7.0,0.13,2008-10-07
Brothers in Arms: Double Time    Read the review,Wii,Gearbox Software,4.6,0.13,2008-09-23
Brothers In Arms: Hell's Highway,PS3,Gearbox Software,6.0,0.94,2008-09-23
Brothers In Arms: Hell's Highway,X360,Gearbox Software,7.6,0.87,2008-09-23
My SAT Coach with The Princeton Review,DS,Ubisoft Montreal,N/A,0.11,2008-09-23
Armored Core: For Answer    Read the review,PS3,From Software,6.1,0.19,2008-09-16
My Secret World by Imagine,DS,Ubisoft Milan,N/A,0.58,2008-09-16
My Secret World by Imagine,DS,Ubisoft,N/A,0.20,2008-09-16
Hell's Kitchen: The Game,Wii,Ludia Inc.,N/A,0.33,2008-09-09
Hell's Kitchen: The Game,DS,Ludia Inc.,N/A,0.37,2008-09-09
The Price is Right,DS,Ludia Inc.,N/A,0.49,2008-09-09
The Price is Right,Wii,Ludia Inc.,N/A,0.82,2008-09-09
My Chinese Coach,DS,Ubisoft,N/A,0.12,2008-08-26
Imagine: Teacher,DS,Magic Pockets,N/A,1.71,2008-08-12
Quick Yoga Training,DS,Ubisoft,N/A,0.13,2008-08-06
Puzzler Collection,PSP,Route 1 Games,N/A,0.01,2008-08-01
Puzzler Collection,DS,Route 1 Games,N/A,0.99,2008-08-05
SoulCalibur IV,X360,Project Soul,8.3,1.58,2008-07-29
SoulCalibur IV,PS3,Project Soul,8.4,1.47,2008-07-29
MetropolisMania 2,PS2,Indi Software,4.3,0.01,2007-08-28
Animal Genius,DS,Big Blue Bubble Inc.,N/A,0.11,2007-09-25
Summer Sports: Paradise Island,Wii,Digital Embryo,N/A,0.54,2008-04-15
Summer Sports: Paradise Island (Others sales),Wii,Digital Embryo,N/A,0.67,2008-04-15
John Deere: Harvest in the Heartland,DS,Black Lantern Studios,N/A,0.29,2007-11-20
Gourmet Chef: Cook Your Way to Fame,DS,N/A,N/A,0.14,2008-06-24
Midnight Play! Pack,DS,Gameloft,N/A,0.08,2008-06-24
My Weight Loss Coach,DS,Ubisoft Montreal,N/A,0.96,2008-06-24
Imagine: Rock Star,DS,Gevo Entertainment,N/A,0.81,2008-06-17
Petz Dogz Fashion,DS,Ubisoft,N/A,0.84,2008-06-17
My Fashion Studio,DS,505 Games,N/A,0.45,2008-06-10
Stratego,DS,Ubisoft,N/A,0.00,2008-06-06
Emergency Heroes,Wii,Ubisoft Barcelona / Ubisoft Reflections,N/A,0.47,2008-05-27
Haze,PS3,Free Radical Design,5.6,0.99,2008-05-20
Tom Clancy's Rainbow Six: Vegas 2,PC,Ubisoft Montreal,N/A,0.02,2008-04-15
Victorious Boxers: Revolution,Wii,Cavia Inc.,5.8,0.14,2007-10-23
Assassin's Creed,PC,Ubisoft Montreal,7.6,0.91,2008-04-08
Math Play,DS,Denyu-Sha,N/A,0.31,2007-09-24
Tom Clancy's Rainbow Six: Vegas 2,PS3,Ubisoft Montreal,8.2,1.34,2008-03-19
Tom Clancy's Rainbow Six: Vegas 2,X360,Ubisoft Montreal,8.2,2.42,2008-03-18
The Dog Island,Wii,Yuke's Media Creations,N/A,0.38,2008-05-06
Anno 1701: Dawn of Discovery,DS,Sunflower Studios,8.0,0.13,2008-03-04
Imagine Figure Skater (JP sales),DS,Spike Co.,N/A,0.01,2008-03-04
Imagine: Figure Skater (US sales),DS,Spike Co.,N/A,0.46,2008-03-04
Petz Bunnyz,DS,Ubisoft,N/A,0.43,2008-03-04
Lost: Via Domus,X360,Ubisoft Montreal,N/A,0.58,2008-02-26
Lost: Via Domus,PC,Ubisoft Montreal,N/A,0.02,2008-02-26
Lost: Via Domus    Read the review,PS3,Ubisoft Montreal,N/A,0.50,2008-02-26
Petz Wild Animals: Tigerz,DS,Magic Pockets,N/A,0.56,2008-02-26
Telly Addicts,Wii,Ubisoft,N/A,0.00,2008-02-15
Totally Spies! Totally Party,PS2,Mad Monkey Studio,N/A,0.01,2009-03-10
Totally Spies! Totally Party,Wii,OUAT Entertainment,N/A,0.11,2009-03-10
Totally Spies! Totally Party,PC,Mad Monkey Studio,N/A,0.03,2008-02-14
Chessmaster: The Art of Learning,PSP,Unknown,N/A,0.13,2008-02-12
Dark Messiah of Might and Magic Elements,X360,Arkane Studios / Floodgate Entertainment / Kuju Entertainment,5.0,0.20,2008-02-12
Assassin's Creed: Altair's Chronicles,DS,Gameloft,N/A,0.27,2008-02-05
Assassin's Creed: Altair's Chronicles,DS,Gameloft,5.7,0.05,2008-02-05
Puppy Palace,DS,Ubisoft,N/A,0.38,2008-02-05
No More Heroes,Wii,Grasshopper Manufacture,8.2,0.56,2008-01-22
CSI: Hard Evidence,Wii,Telltale Games,N/A,0.89,2008-01-15
Miami Nights: Singles in the City,DS,Gameloft,N/A,0.08,2008-01-15
Nitrobike,Wii,Left Field Productions,N/A,0.13,2008-01-15
Brain Challenge,DS,Gameloft,N/A,0.45,2008-01-08
Imagine: Champion Rider,PC,Phoenix Interactive,N/A,0.00,2008-01-01
Beowulf: The Game,PSP,Ubisoft,N/A,0.09,2007-12-04
The Elder Scrolls IV: Oblivion - Game of the Year Edition,PS3,Bethesda Softworks,8.5,0.00,2007-10-16
Telly Addicts,PSP,Route 1 Games,N/A,0.00,2007-12-07
Who Wants to be a Millionaire: 1st Edition,Wii,Route 1 Games,N/A,0.03,2010-10-05
Rayman Raving Rabbids 2,Wii,Ubisoft Paris,6.6,1.84,2007-11-15
Cranium Kabookii,Wii,Ubisoft Quebec,N/A,0.14,2007-12-04
My French Coach,Wii,Sensory Sweep Studios,N/A,0.00,2007-11-30
My Spanish Coach,Wii,Sensory Sweep Studios,N/A,0.00,2007-11-30
My French Coach Level 2,DS,Sensory Sweep Studios,N/A,0.00,2007-11-23
My Spanish Coach Level 2: Intermediate,DS,Ubisoft,N/A,0.00,2007-11-23
Petz Dogz 2,PS2,Yuke's Media Creations,N/A,0.56,2007-11-23
Pippa Funnell: Ranch Rescue,Wii,Phoenix Interactive Entertainment,N/A,0.02,2007-11-16
America's Army: True Soldiers,X360,Red Storm Entertainment,4.5,0.08,2007-11-15
Petz Dogz 2,DS,Yuke's Media Creations,N/A,1.10,2007-11-14
Petz Dogz 2,Wii,Yuke's Media Creations,N/A,0.57,2007-11-14
Petz: Catz 2,Wii,Yuke's Media Creations,N/A,0.44,2007-11-14
Petz: Catz 2,PS2,Yuke's Media Creations,N/A,0.37,2007-11-14
Petz: Catz 2,DS,Yuke's Media Creations,N/A,1.02,2007-11-14
Petz: Horsez 2,PS2,Ubisoft,N/A,0.26,2007-11-14
Petz: Horsez 2,DS,Ubisoft,N/A,0.43,2007-11-14
Petz: Horsez 2,Wii,Ubisoft,N/A,0.42,2007-11-14
Assassin's Creed    Read the review,X360,Ubisoft Montreal,8.2,5.55,2007-11-13
Assassin's Creed    Read the review,PS3,Ubisoft Montreal,8.2,4.83,2007-11-13
Beowulf: The Game,PS3,Ubisoft,N/A,0.16,2007-11-13
Beowulf: The Game,X360,Ubisoft,4.9,0.40,2007-11-13
Petz: Hamsterz Life 2,DS,Unknown,N/A,0.51,2007-11-13
Petz: Hamsterz Life 2,GBA,Jorudan,N/A,0.01,2007-11-13
Rayman Raving Rabbids 2,DS,Ubisoft Paris,N/A,0.80,2007-11-13
Blazing Angels 2: Secret Missions of WWII,PS3,Ubisoft Romania,7.2,0.15,2007-11-06
My French Coach,DS,Sensory Sweep Studios,N/A,0.17,2007-11-06
My Spanish Coach,DS,Sensory Sweep Studios,N/A,0.43,2007-11-06
My Word Coach,Wii,Ubisoft Montreal,N/A,0.51,2007-11-06
My Word Coach,DS,Ubisoft Montreal,N/A,1.44,2007-11-06
Chessmaster: Grandmaster Edition,PC,Ubisoft,N/A,0.00,2007-10-30
CSI: Dark Motives,DS,Powerhead Games,N/A,0.07,2007-11-20
Telly Addicts,DS,Ubisoft,N/A,0.00,2007-11-02
Who Wants to be a Millionaire: 1st Edition,DS,Route 1 Games,N/A,0.03,2010-10-05
Naruto: Rise of a Ninja,X360,Ubisoft Montreal,7.8,0.33,2007-10-30
Chessmaster: The Art of Learning,DS,Ubisoft,N/A,0.15,2007-10-23
Imagine: Animal Doctor,DS,Virtual Toys / Lexis Numerique,N/A,1.05,2007-10-23
Imagine: Babyz,DS,Visual Impact,3.5,2.87,2007-10-23
Imagine: Fashion Designer,DS,Virtual Toys / Lexis Numerique,3.0,2.81,2007-10-23
Imagine: Master Chef,DS,MTO,N/A,1.47,2007-10-23
Petz Wild Animals: Dolphinz,DS,Magic Pockets,N/A,1.32,2007-10-16
DarkStar One,PC,Ascaron Entertainment,N/A,0.03,2006-08-14
Heroes of Might and Magic V: Tribes of the East,PC,Nival Interactive,N/A,0.00,2007-10-18
Pippa Funnell 2: Farm Adventures,DS,DTP Entertainment,N/A,0.01,2007-10-12
Real Soccer 2008,DS,Gameloft,N/A,0.04,2008-02-05
Top Trumps Horror & Predator,DS,SO! Games Ltd,N/A,0.00,2007-10-12
Top Trumps: Dogs & Dinosaurs,DS,Sogoplay,N/A,0.00,2007-10-12
Top Trumps: Horror & Predators,DS,Ubisoft,N/A,0.00,2007-10-12
Scrabble 2007 Edition,DS,WizarBox,N/A,0.48,2007-10-04
CSI: Hard Evidence,X360,Telltale Games,N/A,0.10,2007-09-26
CSI: 3 Dimensions of Murder,PS2,Ubisoft Bulgaria,N/A,0.14,2007-09-25
The Settlers: Rise of an Empire,PC,Blue Byte,N/A,0.02,2007-09-25
Blazing Angels 2: Secret Missions of WWII,PC,Ubisoft Romania,N/A,0.00,2007-09-21
Cosmic Family,Wii,Ubisoft Barcelona,N/A,0.08,2007-09-18
CSI: Hard Evidence,PC,Telltale Games,N/A,0.01,2007-09-25
Jam Sessions: Sing and Play Guitar (jp sales),DS,Plato,N/A,0.01,2007-09-11
Jam Sessions: Sing and Play Guitar (US sales),DS,Plato,N/A,0.38,2007-09-11
Blazing Angels 2: Secret Missions of WWII,X360,Ubisoft Romania,7.6,0.14,2007-09-18
Tales of the World: Radiant Mythology,PSP,Alfa System,7.0,0.43,2007-07-17
Tom Clancy's Ghost Recon Advanced Warfighter 2,PSP,High Voltage Software / Ubisoft Paris,6.5,0.53,2007-08-23
Tom Clancy's Ghost Recon Advanced Warfighter 2,PS3,Red Storm Entertainment / Ubisoft Paris,N/A,1.03,2007-08-23
The Settlers,DS,Ubisoft Paris,N/A,0.11,2007-08-21
Surf's Up,DS,Ubisoft Quebec,N/A,0.28,2007-05-30
Surf's Up,Wii,Ubisoft Montreal,N/A,0.17,2007-05-30
Tom Clancy's Ghost Recon Advanced Warfighter 2,PC,GRIN,N/A,0.01,2007-07-17
Horsez,GBA,MTO,N/A,0.01,2007-07-02
Driver: Parallel Lines,PC,Reflections Interactive,N/A,0.00,2007-06-26
Driver: Parallel Lines,Wii,Reflections Interactive,5.9,0.03,2007-06-26
Tom Clancy's Rainbow Six: Vegas,PS3,Ubisoft,N/A,1.25,2007-06-26
Brothers In Arms DS,DS,Gearbox Software,N/A,0.04,2007-06-21
Tom Clancy's Rainbow Six: Vegas,PSP,Ubisoft Montreal,5.8,0.75,2007-06-12
Call of Juarez,X360,Techland,6.9,0.18,2007-06-07
Surf's Up,GC,Ubisoft Montreal,N/A,0.01,2007-06-01
Surf's Up,PS2,Ubisoft Montreal,N/A,0.29,2007-05-30
Surf's Up,X360,Ubisoft Montreal,6.2,0.10,2007-05-30
Surf's Up,PS3,Ubisoft Montreal,N/A,0.04,2007-05-30
Surf's Up,PSP,Ubisoft Montreal,N/A,0.11,2007-05-30
WarTech: Senko no Ronde,X360,G.Rev,N/A,0.04,2007-05-29
Final Fantasy Fables: Chocobo Tales,DS,High Horse Entertainment,7.4,0.24,2007-04-03
Resident Evil 4,PC,SourceNext,8.0,0.01,2007-05-15
Driver '76,PSP,Sumo Digital,5.5,0.24,2007-05-08
Platinum Sudoku,DS,Gameloft,N/A,0.04,2007-07-03
Pawly Pets: My Pet Hotel,DS,DTP Young Entertainment,N/A,0.01,2007-05-08
The Elder Scrolls IV: Oblivion    Read the review,PS3,4J Studios,9.3,3.12,2007-03-20
Rayman Raving Rabbids,X360,Ubisoft Montpellier,6.4,0.21,2007-04-24
Enchanted Arms,PS3,From Software,5.9,0.20,2007-04-03
Enchanted Arms (JP sales),PS3,From Software,N/A,0.04,2007-04-03
Prince of Persia: Rival Swords,PSP,"Pipeworks Software, Inc.",N/A,0.12,2007-04-03
Prince of Persia: Rival Swords,Wii,Ubisoft Montreal,7.0,0.29,2007-04-03
Tom Clancy's Splinter Cell: Double Agent,PS3,Ubisoft Shanghai,8.3,0.26,2007-03-30
Blazing Angels: Squadrons of WWII,Wii,Ubisoft Romania,4.7,0.84,2007-03-20
Silent Hunter: Wolves of the Pacific,PC,Ubisoft Romania,N/A,0.04,2007-03-20
TMNT,Wii,Ubisoft Montreal,N/A,0.36,2007-03-20
TMNT,DS,Ubisoft Montreal,N/A,0.04,2007-03-20
TMNT,X360,Ubisoft Montreal,N/A,0.58,2007-03-20
TMNT,PSP,Ubisoft Montreal,3.6,0.11,2007-03-20
Rayman Raving Rabbids,DS,Ubisoft Bulgaria,N/A,0.15,2007-03-06
IL-2 Sturmovik: 1946,PC,1C: Maddox Games,N/A,0.04,2007-03-13
Tom Clancy's Ghost Recon Advanced Warfighter 2,X360,Red Storm Entertainment / Ubisoft Paris,8.7,1.02,2007-03-06
Resident Evil 4,Mob,Unknown,N/A,0.03,2009-07-27
Pawly Pets: My Vet Practice,DS,DTP Entertainment,N/A,0.05,2007-02-02
Rocky Balboa,PSP,Ubisoft,N/A,0.11,2007-03-13
Star Trek: Legacy,PC,Mad Doc Software,5.3,0.02,2006-12-05
Star Trek: Legacy,X360,Mad Doc Software,6.4,0.18,2006-12-14
Star Trek: Tactical Assault,DS,"Quicksilver Software, Inc.",N/A,0.06,2006-10-26
Star Wars: Lethal Alliance,DS,Ubisoft Casablanca,N/A,0.10,2006-12-14
Rayman Raving Rabbids,Wii,Ubisoft Montpellier,7.5,1.42,2006-11-14
Blazing Angels: Squadrons of WWII,PS3,Ubisoft Romania,6.8,0.67,2006-12-12
Far Cry Vengeance,Wii,Ubisoft Montreal,N/A,0.08,2006-12-12
Tom Clancy's Rainbow Six Vegas,PC,Ubisoft,N/A,0.00,2006-12-12
Rayman Raving Rabbids,PC,Ubisoft Bulgaria,N/A,0.01,2006-12-11
Star Wars: Lethal Alliance,PSP,Ubisoft Montreal,6.3,0.13,2006-12-07
Brothers In Arms: D-Day,PSP,Gearbox Software,6.8,0.46,2006-12-05
Star Trek: Tactical Assault,PSP,"Quicksilver Software, Inc.",N/A,0.03,2006-11-14
Catz,DS,Powerhead Games,N/A,0.55,2006-11-30
Open Season,Wii,Ubisoft Montreal,5.0,0.07,2006-11-30
Hamsterz Life,DS,Unknown,N/A,0.47,2006-11-28
Horsez,DS,MTO,4.0,0.42,2006-11-28
Tom Clancy's Splinter Cell: Double Agent,Wii,Ubisoft Montreal,N/A,0.13,2006-11-28
Asphalt: Urban GT 2,DS,Virtuos / Game Source,N/A,0.14,2006-11-14
Harvest Moon: Magical Melody,GC,Marvelous Interactive,8.0,0.24,2006-03-28
Dogz,DS,MTO,N/A,0.56,2006-11-22
Tom Clancy's Rainbow Six: Vegas,X360,Ubisoft Montreal,8.8,1.95,2006-11-20
Monster 4x4: World Circuit,Wii,Ubisoft Montreal,N/A,0.88,2006-11-19
Red Steel,Wii,Ubisoft Paris,5.9,0.67,2006-11-19
GT Pro Series,Wii,MTO,3.7,0.52,2006-11-14
Tom Clancy's Splinter Cell: Double Agent,PC,Ubisoft Shanghai,N/A,0.00,2006-11-07
Mind Quiz,PSP,Sega,N/A,0.09,2006-10-31
Age of Empires: Collector's Edition,PC,Ensemble Studios,N/A,0.14,2000-11-02
Dark Messiah Might and Magic,PC,Arkane Studios / Floodgate Entertainment / Kuju Entertainment,7.3,0.00,2006-10-24
Tom Clancy's Splinter Cell: Double Agent,GC,Ubisoft Montreal,5.6,0.06,2006-10-26
Pippa Funnell: Take The Reins,PC,Lexis Numerique,N/A,0.00,2006-10-26
Untold Legends: The Warriors Code,PSP,Sony Online Entertainment,6.8,0.33,2006-03-28
Tom Clancy's Splinter Cell: Double Agent,X360,Ubisoft Shanghai,8.5,0.78,2006-10-17
Dogz Fashion,GBA,MTO,N/A,0.01,2006-09-19
Import Tuner Challenge (American sales),X360,Genki,6.4,0.09,2006-09-26
Open Season,DS,Ubisoft Montreal,7.4,0.13,2006-09-19
Open Season,PC,Ubisoft Montreal,6.4,0.00,2006-09-19
Open Season,GC,Ubisoft Montreal,6.4,0.17,2006-09-19
Import Tuner Challenge (JP sales),X360,Genki,N/A,0.01,2006-09-26
The Settlers II 10th Anniversary,PC,Blue Byte,N/A,0.03,2006-09-22
Open Season,XB,Ubisoft Montreal,6.4,0.00,2006-09-19
Open Season,PS2,Ubisoft Montreal,6.4,0.03,2006-09-19
Open Season,PSP,Ubisoft Montreal,6.7,0.07,2006-09-19
Open Season,GBA,Ubisoft Montreal,7.6,0.01,2006-09-19
Open Season,X360,Ubisoft Montreal,5.7,0.11,2006-09-19
Call of Juarez,PC,Techland,6.7,0.01,2007-06-12
Faces of War,PC,Best Way,N/A,0.00,2006-09-12
Mind Quiz: Your Brain Coach,DS,Sega,N/A,0.08,2007-03-13
Enchanted Arms,X360,From Software,6.9,0.19,2006-08-29
Enchanted Arms (jp sales),X360,From Software,N/A,0.02,2006-08-29
Pirates of the Caribbean: The Legend of Jack Sparrow,PS2,California Seven Studios,N/A,0.25,2006-06-28
Devil May Cry 3: Dante's Awakening Special Edition,PC,Capcom,7.1,0.01,2006-10-16
Over G Fighters,X360,Taito Corporation,5.1,0.22,2006-06-27
And1 Streetball,XB,Unknown,N/A,0.07,2006-06-06
And1 Streetball,PS2,Black Ops Entertainment,N/A,0.27,2006-06-06
Astonishia Story,PSP,Sonnori,4.8,0.03,2006-06-06
Heroes of Might and Magic V,PC,Nival Interactive,N/A,0.04,2006-05-24
Paradise,PC,White Birds Productions,N/A,0.00,2006-05-03
Tom Clancy's Ghost Recon Advanced Warfighter,PC,GRIN,N/A,0.00,2006-05-03
Lost Magic,DS,Taito Corporation,N/A,0.12,2006-04-25
IL-2 Sturmovik Series: Complete Edition,PC,1C: Maddox Games,N/A,0.00,2006-03-31
Tom Clancy's Ghost Recon: Advanced Warfighter,PS2,Ubisoft Shanghai,N/A,0.06,2006-03-28
Blazing Angels: Squadrons of WWII,PC,Ubisoft Romania,6.9,0.03,2006-03-28
Far Cry Instincts Evolution,XB,Ubisoft Montreal,N/A,0.08,2006-03-28
Far Cry Instincts Predator,X360,Ubisoft Montreal,8.0,0.24,2006-03-28
Call of Cthulhu: Dark Corners of the Earth,PC,Headfirst Productions,N/A,0.00,2006-04-26
Blazing Angels: Squadrons of WWII,X360,Ubisoft Romania,6.4,0.42,2006-03-23
Blazing Angels: Squadrons of WWII,XB,Ubisoft Romania,7.0,0.08,2006-03-23
Monster 4X4: World Circuit,XB,Ubisoft Montreal,N/A,0.00,2006-03-23
Catz,GBA,MTO,N/A,0.24,2006-03-22
Go! Sudoku,PSP,Sumo Digital,6.8,0.12,2006-03-21
Go! Sudoku (JP sales),PSP,Sumo Digital,N/A,0.11,2006-03-21
Tom Clancy's Splinter Cell: Essentials,PSP,Ubisoft Montreal,5.6,0.20,2006-03-21
CSI: 3 Dimensions of Murder,PC,Telltale Games,N/A,0.00,2006-03-14
Tom Clancy's Rainbow Six: Critical Hour,XB,Ubisoft Quebec,N/A,0.06,2006-03-14
Tom Clancy's  Ghost Recon Advanced Warfighter (weekly JP sales),X360,Ubisoft Paris,N/A,0.01,2006-03-09
Tom Clancy's Ghost Recon Advanced Warfighter,X360,Ubisoft Paris,9.1,1.54,2006-03-09
Tom Clancy's Ghost Recon Advanced Warfighter,XB,Ubisoft Shanghai,N/A,0.33,2006-03-09
Trollz: Hair Affair!,GBA,Powerhead Games,N/A,0.04,2005-11-01
Frantix,PSP,Killer Game,5.4,0.08,2005-09-19
GripShift,PSP,Sidhe Interactive,7.1,0.09,2005-09-12
Tom Clancy's Rainbow Six: Lockdown,PC,Red Storm Entertainment,N/A,0.00,2006-02-16
Drakengard 2,PS2,Cavia Inc.,N/A,0.13,2006-02-14
Exit,PSP,Taito Corporation,7.9,0.08,2006-02-14
Tales of Eternia,PSP,Namco,8.0,0.26,2006-02-10
Peter Jackson's King Kong: The Official Game of the Movie,PSP,Phoenix Games Studio,6.0,0.19,2005-12-20
Battles of Prince of Persia,DS,Ubisoft Montreal,5.6,0.12,2005-12-06
Prince of Persia: Revelations,PSP,"Pipeworks Software, Inc.",6.3,0.21,2005-12-06
Prince of Persia: The Two Thrones,PC,Ubisoft Montreal,N/A,0.00,2005-12-01
Prince of Persia: The Two Thrones,GC,Ubisoft Montreal,8.7,0.15,2005-12-01
Prince of Persia: The Two Thrones,PS2,Ubisoft Montreal,N/A,0.68,2005-12-01
Prince of Persia: The Two Thrones,XB,Ubisoft Montreal,N/A,0.58,2005-12-01
Kong: The 8th Wonder of the World,GBA,Ubisoft Casablanca,N/A,0.47,2005-11-21
Peter Jackson's King Kong: The Official Game of the Movie,X360,Ubisoft Montpellier,7.9,0.26,2005-11-21
Peter Jackson's King Kong: The Official Game of the Movie,PS2,Ubisoft Montpellier,N/A,2.04,2005-11-21
Peter Jackson's King Kong: The Official Game of the Movie,GC,Ubisoft Montpellier,8.1,0.24,2005-11-21
Peter Jackson's King Kong: The Official Game of the Movie,XB,Ubisoft Montpellier,N/A,0.53,2005-11-21
Peter Jackson's King Kong: The Official Game of the Movie,DS,Ubisoft Casablanca,N/A,0.13,2005-11-21
America's Army: Rise of a Soldier,XB,Secret Level,N/A,0.25,2005-11-17
Dogz,GBA,MTO,4.1,0.63,2005-11-17
Flow: Urban Dance Uprising,PS2,Artificial Mind and Movement,N/A,0.04,2005-11-15
Brothers In Arms: Earned In Blood,PS2,Unknown,N/A,0.46,2005-10-28
Heroes of the Pacific,PC,IR Gurus Interactive,N/A,0.02,2005-10-25
"Crouching Tiger, Hidden Dragon",GBA,Ubisoft,5.9,0.03,2005-10-09
Brothers In Arms: Earned In Blood,XB,Unknown,N/A,0.31,2005-10-07
Brothers In Arms: Earned in Blood,PC,Gearbox Software,N/A,0.00,2005-10-06
Darkwatch,PS2,High Moon Studios,N/A,0.32,2005-08-16
Darkwatch,XB,High Moon Studios,N/A,0.21,2005-08-16
Sniper Elite,XB,Rebellion Developments,N/A,0.09,2005-10-18
Sniper Elite,PS2,Rebellion Developments,N/A,0.19,2005-10-18
Heroes of the Pacific,PS2,IR Gurus Interactive,N/A,0.29,2005-09-28
Heroes of the Pacific,XB,IR Gurus Interactive,N/A,0.13,2005-09-28
Far Cry Instincts,XB,Ubisoft Montreal,N/A,0.57,2005-09-27
Lunar: Dragon Song    Read the review,DS,Game Arts / Japan Art Media (JAM),5.9,0.12,2005-09-27
Tom Clancy's Rainbow Six: Lockdown,GC,Red Storm Entertainment,N/A,0.05,2005-09-27
Myst V: End of Ages,PC,Cyan Worlds,N/A,0.00,2005-09-19
Rayman 10th Anniversary,GBA,Ubisoft,N/A,0.02,2005-09-06
Tom Clancy's Rainbow Six: Lockdown,XB,Red Storm Entertainment,N/A,0.41,2005-09-06
Tom Clancy's Rainbow Six: Lockdown,PS2,Red Storm Entertainment,N/A,0.35,2005-09-06
187: Ride or Die,PS2,Ubisoft Paris,N/A,0.15,2005-08-23
187: Ride or Die,XB,Ubisoft Paris,N/A,0.06,2005-08-24
Tom Clancy's Ghost Recon 2: Summit Strike,XB,Red Storm Entertainment,N/A,0.39,2005-08-02
Tom Clancy's Splinter Cell: Chaos Theory,DS,Ubisoft,N/A,0.07,2005-06-28
Bomberman,DS,Hudson Soft,N/A,0.15,2005-06-21
Cold Fear,PC,Darkworks,N/A,0.00,2005-05-17
Star Wars Episode III: Revenge of the Sith,GBA,Ubisoft Montreal,N/A,0.72,2005-05-04
Star Wars Episode III: Revenge of the Sith,DS,Ubisoft Montreal,7.3,0.31,2005-05-04
Tom Clancy's Splinter Cell: Pandora Tomorrow,PS2,Ubisoft Shanghai,N/A,1.25,2004-06-16
Myst IV: Revelation,XB,Ubisoft Montreal,N/A,0.05,2005-03-29
Tom Clancy's Splinter Cell: Chaos Theory,GC,Ubisoft Montreal,7.8,0.10,2005-03-29
Tom Clancy's Splinter Cell: Chaos Theory,PC,Ubisoft Montreal,N/A,0.00,2005-03-28
Tom Clancy's Splinter Cell: Chaos Theory,XB,Ubisoft Montreal,9.4,1.11,2005-03-28
Tom Clancy's Splinter Cell: Chaos Theory,PS2,Ubisoft Montreal / Annecy,N/A,0.95,2005-03-28
Pippa Funnell: The Stud Farm Inheritance,PC,Lexis Numerique,N/A,0.00,2005-03-25
Rayman DS,DS,Ubisoft Montreal,5.4,0.26,2005-03-24
The Bard's Tale,XB,InXile Entertainment,N/A,0.10,2004-10-26
The Bard's Tale,PS2,InXile Entertainment,N/A,0.21,2004-10-26
Tom Clancy's Ghost Recon 2,GC,Red Storm Entertainment,5.7,0.07,2005-03-15
Lumines: Puzzle Fusion    Read the review,PSP,Q Entertainment,9.1,1.11,2005-03-22
Brothers In Arms: Road to Hill 30,PC,Gearbox Software,N/A,0.00,2005-03-15
Rayman: Hoodlum's Revenge,GBA,Ubisoft,6.2,0.06,2005-03-15
Silent Hunter III,PC,Ubisoft Romania,N/A,0.08,2005-03-18
Brothers In Arms: Road to Hill 30,PS2,Gearbox Software,N/A,0.46,2005-03-15
Cold Fear,XB,Darkworks,N/A,0.06,2005-03-15
Cold Fear,PS2,Darkworks,N/A,0.11,2005-03-15
Asphalt: Urban GT,DS,Gameloft,5.0,0.59,2004-11-17
Playboy: The Mansion,PS2,Cyberlore Studios,N/A,0.20,2005-01-25
Playboy: The Mansion,XB,Cyberlore Studios,N/A,0.09,2005-01-25
Brothers In Arms: Road to Hill 30,XB,Gearbox Software,N/A,0.66,2005-03-01
Advance Guardian Heroes,GBA,"Treasure Co., Ltd.",7.0,0.04,2004-09-14
The Settlers: Heritage of Kings,PC,Blue Byte,N/A,0.00,2005-02-24
Disney's Winnie the Pooh's Rumbly Tumbly Adventure,GBA,Phoenix Games Studio,N/A,0.13,2005-02-08
Disney's Winnie the Pooh's Rumbly Tumbly Adventure,GC,Phoenix Games Studio,N/A,0.07,2005-02-08
Disney's Winnie the Pooh's Rumbly Tumbly Adventure,PS2,Phoenix Games Studio,N/A,0.13,2005-02-08
Tork: Prehistoric Punk,XB,Tiwak SAS,N/A,0.03,2005-01-12
CSI: Crime Scene Investigation,XB,369 Interactive,N/A,0.12,2004-12-14
Sprung - A Game Where Everyone Scores,DS,Guillemot Inc,N/A,0.06,2004-12-08
Prince of Persia: Warrior Within,PC,Ubisoft Montreal,N/A,0.00,2004-11-30
Prince of Persia: Warrior Within,GC,Ubisoft Montreal,8.2,0.20,2004-11-30
Prince of Persia: Warrior Within,XB,Ubisoft Montreal,N/A,0.80,2004-11-30
Prince of Persia: Warrior Within,PS2,Ubisoft Montreal,N/A,1.64,2004-11-30
Tom Clancy's Ghost Recon 2,PS2,Red Storm Entertainment,N/A,1.08,2004-11-30
Syberia II,XB,Microids,N/A,0.03,2004-10-05
Alexander,PC,GSC Game World,N/A,0.00,2004-11-23
CSI: Miami,PC,369 Interactive,N/A,0.00,2004-11-16
Tom Clancy's Classic Trilogy,XB,Unknown,N/A,0.10,2004-11-16
Tom Clancy's Ghost Recon 2,XB,Red Storm Entertainment,N/A,1.36,2004-11-16
Harvest Moon: More Friends of Mineral Town,GBA,TOSE Software,8.0,0.20,2005-07-26
Chessmaster,XB,Ubisoft,N/A,0.13,2004-10-26
Pacific Fighters,PC,Maddox Games,N/A,0.00,2004-10-26
Ape Escape: Pumped & Primed,PS2,SCE Japan Studio,N/A,0.08,2004-10-20
Star Ocean: Till The End of Time,PS2,tri-Ace,7.8,1.72,2004-08-31
Myst IV: Revelation,PC,Ubisoft Montreal,N/A,0.01,2004-09-28
Rocky: Legends,XB,Venom Games,N/A,0.10,2004-09-28
Rocky: Legends,PS2,Unknown,N/A,0.27,2004-09-28
The Dukes of Hazzard: Return of the General Lee,XB,Ratbag,N/A,0.08,2004-09-28
The Dukes of Hazzard: Return of the General Lee,PS2,Ratbag,N/A,0.21,2004-09-28
Medabots: Infinity,GC,"Imagineer Co., Ltd.",5.4,0.05,2003-12-14
Star Wars Trilogy: Apprentice of the Force,GBA,LucasArts,N/A,0.42,2004-09-21
Chessmaster 10th Edition,PC,Ubisoft,N/A,0.00,2004-08-20
Tom Clancy's Rainbow Six 3: Black Arrow,XB,Ubisoft Montreal,N/A,1.13,2004-08-04
Tom Clancy's Splinter Cell: Pandora Tomorrow,GC,Ubisoft,6.7,0.08,2004-07-20
Tom Clancy's Rainbow Six 3,GC,Ubisoft Montreal / Red Storm Entertainment,6.5,0.06,2004-06-17
CSI: Dark Motives,PC,369 Interactive,N/A,0.00,2004-03-23
Fatal Frame II: Crimson Butterfly,PS2,Tecmo,7.8,0.16,2003-12-10
Harvest Moon: A Wonderful Life,GC,Marvelous Interactive,8.2,0.79,2004-03-16
Harvest Moon: Friends of Mineral Town,GBA,TOSE Software,7.6,0.59,2003-11-17
Tom Clancy's Splinter Cell: Pandora Tomorrow,GBA,Ubisoft,N/A,0.06,2004-03-24
Tom Clancy's Rainbow Six 3,PS2,Ubisoft Montreal / Red Storm Entertainment,N/A,0.81,2004-03-24
Far Cry,PC,Crytek,8.6,0.05,2004-03-23
Tom Clancy's Splinter Cell: Pandora Tomorrow,XB,Ubisoft Shanghai,9.2,1.48,2004-03-23
Tom Clancy's Splinter Cell: Pandora Tomorrow,PC,Ubisoft Shanghai,N/A,0.00,2004-03-23
Tom Clancy's Ghost Recon: Jungle Storm,PS2,Red Storm Entertainment,N/A,1.16,2004-03-16
Fallout Trilogy,PC,Black Isle Studios,N/A,0.02,2009-04-30
Flipnic: Ultimate Pinball,PS2,Sony Computer Entertainment,N/A,0.06,2005-07-13
Beyond Good & Evil,GC,Ubisoft Montpellier,N/A,0.07,2003-12-11
Monster 4x4: Masters of Metal,GC,Ubisoft Barcelona / Inland Productions,5.1,0.05,2003-12-10
"Crouching Tiger, Hidden Dragon",XB,Genki,N/A,0.01,2003-12-09
Beyond Good & Evil,XB,Ubisoft Montpellier,N/A,0.10,2003-12-02
Prince of Persia: The Sands of Time,PC,Ubisoft Montreal,9.0,0.00,2003-11-30
Monster 4x4: Masters of Metal,PS2,Ubisoft Barcelona / Inland Productions,N/A,0.28,2003-11-25
Lock On: Modern Air Combat,PC,Eagle Dynamics,N/A,0.03,2003-11-24
XIII,GC,Ubisoft Paris,N/A,0.09,2003-11-24
XIII,XB,Southend Interactive,N/A,0.25,2003-11-24
Batman: Rise of Sin Tzu,PS2,Ubisoft Montreal,N/A,0.35,2003-10-16
Beyond Good & Evil,PC,Ubisoft Montpellier,N/A,0.00,2003-11-19
Mucha Lucha! Mascaritas of the Lost Code,GBA,Digital Eclipse,N/A,0.07,2003-11-18
Prince of Persia: The Sands of Time,GC,Ubisoft Montreal,9.0,0.32,2003-11-18
XIII,PC,Ubisoft Paris,N/A,0.00,2003-11-18
XIII,PS2,Ubisoft Paris,N/A,0.57,2003-11-18
Batman: Rise of Sin Tzu,XB,Ubisoft Montreal,N/A,0.11,2003-10-16
Prince of Persia: The Sands of Time,XB,Ubisoft Montreal,9.0,0.94,2003-11-12
Tom Clancy's Rainbow Six 3,XB,Ubisoft Montreal / Red Storm Entertainment,N/A,1.55,2003-11-12
Batman: Rise of Sin Tzu,GC,Ubisoft Montreal,N/A,0.06,2003-11-11
Beyond Good & Evil,PS2,Ubisoft Montpellier,8.3,0.33,2003-11-11
Uru: Ages Beyond Myst,PC,Cyan Worlds,N/A,0.02,2003-11-11
Prince of Persia: The Sands of Time,PS2,Ubisoft Montreal,9.0,2.22,2003-11-06
Prince of Persia: The Sands of Time,GBA,Ubisoft Montreal,N/A,0.15,2003-10-30
Batman: Rise of Sin Tzu,GBA,Ubisoft Montreal,5.5,0.07,2003-10-27
Warlords IV: Heroes of Etheria,PC,Infinite Interactive,N/A,0.00,2003-10-21
"Crouching Tiger, Hidden Dragon",PS2,Light Weight,N/A,0.13,2003-10-09
TRON 2.0,PC,Monolith Productions,N/A,0.00,2003-08-26
Pirates of the Caribbean,XB,Akella,N/A,0.29,2003-07-01
Tom Clancy's Ghost Recon: Island Thunder,XB,Red Storm Entertainment,N/A,0.87,2003-08-06
Charlie's Angels,GC,Neko Entertainment,2.5,0.02,2003-07-09
Ape Escape 2,PS2,SCE Japan Studio,8.0,0.63,2003-06-30
Tom Clancy's Splinter Cell,GBA,Ubisoft,N/A,0.10,2003-04-27
Chessmaster,PS2,Ubisoft Romania,N/A,0.39,2003-05-28
Tom and Jerry: Infurnal Escape,GBA,Cinegroupe,N/A,0.16,2003-03-14
City Racer,GC,Ubisoft,N/A,0.01,2003-04-29
Tom Clancy's Splinter Cell,GC,Ubisoft,N/A,0.23,2003-04-10
Tom Clancy's Ghost Recon,GC,Red Storm Entertainment,N/A,0.15,2003-02-09
Tom Clancy's Splinter Cell,PS2,Ubisoft,N/A,2.65,2003-04-08
CSI: Crime Scene Investigation,PC,369 Interactive,N/A,0.00,2003-03-26
Rayman 3: Hoodlum Havoc,PC,Ubisoft,8.2,0.03,2003-03-24
Rayman 3: Hoodlum Havoc,XB,Ubisoft,7.3,0.07,2003-03-18
Rayman 3: Hoodlum Havoc,PS2,Ubisoft,7.4,0.29,2003-03-17
Tom and Jerry in War of the Whiskers,PS2,VIS Entertainment,N/A,0.26,2002-11-18
Murakumo: Renegade Mech Pursuit,XB,From Software,N/A,0.11,2003-03-05
IL-2 Sturmovik: Forgotten Battles,PC,1C: Maddox Games,N/A,0.02,2003-03-02
Rayman 3: Hoodlum Havoc,GC,Ubisoft,7.4,0.07,2003-03-02
Rayman 3,GBA,Ubisoft,7.9,0.14,2003-03-02
Wild ARMs 3,PS2,Media.Vision,7.6,0.62,2002-10-15
Tom Clancy's Splinter Cell,PC,Ubisoft,N/A,0.01,2003-02-19
Bust-A-Move 3000,GC,Taito Corporation,N/A,0.01,2003-02-12
Disney's The Jungle Book,GBA,Visual Impact,5.0,0.10,2003-02-11
Disney's Treasure Planet,GBA,Disney Interactive,6.3,0.28,2002-10-31
Walt Disney's The Jungle Book: Rhythm N'Groove,PS2,Ubisoft Shanghai,N/A,0.25,2003-02-04
The Sum of All Fears,GC,Red Storm Entertainment,3.2,0.03,2003-01-09
Bratz,GBA,DC Studios,N/A,0.13,2003-03-12
E.T. The Extra-Terrestrial: Interplanetary Mission,PS,Santa Cruz Games,N/A,0.04,2002-12-30
Monster Jam: Maximum Destruction,GC,Ubisoft,N/A,0.05,2002-12-29
Trevor Chan's Capitalism 2,PC,Enlight Software,N/A,0.00,2002-12-16
Lunar Legend,GBA,Magic Rings,7.7,0.19,2002-12-08
Tomb Raider: The Prophecy,GBA,Ubisoft Milan,N/A,0.14,2002-11-12
Disney's PK: Out of the Shadows,GC,Ubisoft,4.0,0.05,2002-12-03
Evolution Worlds,GC,Sting,6.5,0.08,2002-12-02
The Elder Scrolls III: Morrowind,XB,Bethesda Softworks,8.2,2.86,2002-06-06
The Mummy,GBA,Ubisoft,N/A,0.02,2002-11-20
The Sum of All Fears,GBA,Ubisoft,N/A,0.04,2002-11-19
Dogz 5,PC,PF.Magic,N/A,0.00,2002-11-18
Dragon's Lair 3D: Return to the Lair,XB,Dragonstone Software,N/A,0.05,2002-11-18
Rocky,PS2,Rage Software,N/A,0.86,2002-11-18
Rocky,XB,Rage Software,N/A,0.15,2002-11-17
Rocky,GC,Steel Monkeys,7.0,0.09,2002-11-17
Tom Clancy's Splinter Cell,XB,Ubisoft,9.3,3.02,2002-11-17
Pro Rally,GC,Ubisoft,N/A,0.02,2002-11-11
Tom Clancy's Ghost Recon,XB,Red Storm Entertainment,N/A,1.76,2002-11-11
Tom Clancy's Ghost Recon,PS2,Red Storm Entertainment,N/A,1.94,2002-11-11
Disney's PK: Out of the Shadows,PS2,Ubisoft,N/A,0.12,2002-11-01
Worms Blast,GC,Team17 Software,N/A,0.06,2002-10-24
Deathrow: Underground Team Combat,XB,Southend Interactive,N/A,0.06,2002-10-22
Conflict Zone,PS2,MASA Group,N/A,0.21,2002-10-19
Mega Man Battle Network 2,GBA,Capcom,N/A,0.54,2002-06-17
Mega Man Battle Network 2,GBA,Capcom,N/A,0.31,2002-10-18
Disney's Lilo & Stitch,GBA,Digital Eclipse,8.0,1.08,2002-06-07
Moto Racer Advance,GBA,Adeline Software,N/A,0.01,2002-12-05
Wizardry: Tale of the Forsaken Land,PS2,Racjin,N/A,0.09,2001-12-19
Worms World Party,GBA,Team17 Software,N/A,0.05,2002-10-29
Rayman Arena,PS2,Ubisoft,6.7,0.60,2002-09-24
Rayman Arena,GC,Ubisoft,6.2,0.14,2002-09-24
Rayman Arena,PC,Ubisoft,5.1,0.00,2002-09-24
Rayman Arena,XB,Ubisoft,5.0,0.07,2002-09-24
Myst III: Exile,XB,Presto Studios,N/A,0.06,2002-09-22
Myst III: Exile,PS2,Presto Studios,N/A,0.28,2002-09-22
Ultimate Fighting Championship: Throwdown,GC,Opus Studio,6.7,0.08,2002-07-29
Largo Winch .// Commando Sar,PS,Rebellion Developments,N/A,0.02,2002-02-01
Sabrina The Teenage Witch: Potion Commotion,GBA,Ubisoft,N/A,0.11,2002-09-06
Ultimate Fighting Championship: Throwdown,PS2,Opus Studio,N/A,0.32,2002-06-03
Tiger Woods PGA Tour Golf,GBA,Rebellion Developments,N/A,0.04,2002-05-29
Muppet Pinball Mayhem,GBA,Digital Eclipse,7.9,0.00,2002-05-29
Breath of Fire II,GBA,Capcom,8.6,0.19,2002-04-16
Dokapon: Monster Hunter,GBA,"Asmik Ace Entertainment, Inc",6.4,0.00,2001-10-30
Monster Jam: Maximum Destruction,PS2,Ubisoft,N/A,0.65,2002-06-13
Davis Cup Tennis,GBA,Hokus Pokus,6.4,0.02,2002-10-14
The Elder Scrolls III: Morrowind,PC,Bethesda Softworks,8.7,0.00,2002-05-01
Disney's Peter Pan: Return to Never Land,GBA,Crawfish Interactive,4.0,0.11,2002-02-22
Monster Jam: Maximum Destruction,GBA,UDS,N/A,0.10,2002-03-27
Disney's Donald Duck: Goin' Quackers,GC,Ubisoft Montreal,N/A,0.04,2002-03-25
Chessmaster,GBA,Ubisoft,7.5,0.04,2002-08-28
Ice Age,GBA,A2M,4.2,0.38,2002-03-18
Tom Clancy's Rainbow Six: Rogue Spear,GBA,Ubisoft Milan,N/A,0.11,2002-03-18
Grandia II,PC,Game Arts,7.7,0.00,2002-03-10
Mike Tyson Boxing,GBA,Virtuacraft,N/A,0.04,2002-03-06
Destroyer Command,PC,Ultimation Inc,N/A,0.00,2002-02-14
Sunny Garcia Surfing,PS2,Krome Studios,N/A,0.03,2001-10-22
Grandia II,PS2,Game Arts,7.4,0.29,2002-01-28
Salt Lake 2002,GBA,DC Studios,N/A,0.06,2002-01-19
Jade Cocoon 2,PS2,Genki,N/A,0.10,2001-12-17
Breath of Fire,GBA,Capcom,7.8,0.22,2001-12-13
Razor Freestyle Scooter,GBA,Crawfish Interactive,N/A,0.01,2001-11-14
Scrabble,PS,Runecraft,N/A,0.25,1999-10-31
American Bass Challenge,GBA,Starfish,6.7,0.05,2001-12-05
The Legend of Alon D'ar,PS2,Stormfront Studios,N/A,0.08,2001-12-04
Planet of the Apes,GBA,Torus Games,N/A,0.03,2001-11-30
Super Bust-A-Move,GBA,Taito Corporation,N/A,0.05,2001-11-27
IL-2 Sturmovik,PC,1C Maddox Games,N/A,0.01,2001-11-18
Batman: Vengeance,GC,Ubisoft Montreal,7.0,0.26,2001-11-17
Disney's Tarzan Untamed,GC,Ubisoft Montreal,N/A,0.18,2001-11-17
Super Dodge Ball Advance,GBA,Atlus Co.,N/A,0.20,2001-06-10
Disney's Donald Duck Advance,GBA,Ubisoft,6.5,0.07,2001-11-15
Disney's Tarzan Untamed,PS2,Ubisoft Montreal,N/A,0.41,2001-11-14
Silent Hunter II,PC,Ultimation Inc.,N/A,0.00,2001-11-05
Super Street Fighter II: Turbo Revival,GBA,Capcom,N/A,0.25,2001-10-30
Batman: Vengeance,GBA,Ubisoft,6.2,0.18,2001-10-30
Batman: Vengeance,PS2,Ubisoft Montreal,7.1,0.55,2001-10-15
Scooby-Doo and the Cyber Chase,GBA,Software Creations,N/A,0.41,2001-12-31
Final Fight One,GBA,Capcom,8.2,0.21,2001-09-26
Men in Black: The Series,GBA,David A. Palmer Productions,N/A,0.00,2001-09-01
Inspector Gadget: Gadget's Crazy Maze,PS,Vision Media Engineering,N/A,0.05,2001-08-15
Rayman Advance,GBA,Digital Eclipse,8.4,0.50,2001-06-10
Tom Clancy's Rainbow Six: Rogue Spear,PS,Saffire Corporation,N/A,0.23,2001-03-28
Myst III: Exile,PC,Presto Studios,N/A,0.00,2001-05-08
Batman: Gotham City Racer,PS,Sinister Games,N/A,0.05,2001-04-19
Tigger's Honey Hunt,N64,Rivage Games,7.3,0.20,2000-11-01
EverGrace,PS2,From Software,6.2,0.35,2000-10-24
Grandia,PS,Game Arts,8.4,0.25,1999-09-30
Harvest Moon 2 GBC,GB,Victor Interactive Software,N/A,0.12,2000-09-11
Kengo: Master of Bushido,PS2,LightWeight,N/A,0.39,2001-01-03
Armored Core 2,PS2,From Software,N/A,0.79,2000-10-24
Rayman 2: Revolution,PS2,Ubisoft,8.7,0.30,2001-01-30
Harvest Moon: Back to Nature,PS,Victor Interactive Software,N/A,0.32,2000-11-22
Batman Beyond: Return of the Joker,N64,Kemco,2.0,0.09,2000-12-13
Dragon Tales: Dragon Seek,PS,Zed Two Limited,N/A,0.09,2000-11-29
Ultimate Fighting Championship,PS,Opus Studio,N/A,0.25,2000-11-13
Eternal Ring,PS2,From Software,N/A,0.30,2000-10-24
Disney's Donald Duck: Goin' Quackers,N64,Disney Interactive Studios,N/A,0.10,2000-12-20
Gold and Glory: The Road to El Dorado,PS,Revolution Software,N/A,0.06,2000-12-19
Batman Beyond: Return of the Joker,PS,Kemco,N/A,0.17,2000-11-20
Disney's Donald Duck: Goin' Quackers,PS2,Disney Interactive Studios,N/A,0.08,2000-12-13
Walt Disney's The Jungle Book: Rhythm N'Groove,PS,Ubisoft,N/A,0.09,2000-12-08
Grandia II,DC,Game Arts,8.6,0.20,2000-12-06
Tom and Jerry in House Trap,PS,Warthog,N/A,0.20,2000-11-24
Disney's Donald Duck: Goin' Quackers,PS,Disney Interactive Studios,N/A,0.15,2000-11-14
Tigger's Honey Hunt,PS,Doki Denki,N/A,0.28,2000-09-29
Rayman 2: The Great Escape,PS,Ubisoft Shanghai,8.7,0.32,2000-09-15
The Flintstones: Bedrock Bowling,PS,Adrenalin Interactive,N/A,0.13,2000-09-19
Tom and Jerry in Fists of Furry,N64,VIS Entertainment,N/A,0.16,2000-11-12
Surf Riders,PS,ACOT,N/A,0.13,2000-08-01
Razor Freestyle Scooter,PS,Shaba Games,N/A,0.46,2000-12-11
SnoCross Championship Racing,PS,UDS,N/A,0.93,2000-08-22
The Dukes of Hazzard: Racing for Home,PS,Sinister Games,N/A,1.19,1999-11-30
Rocket: Robot on Wheels,N64,Sucker Punch,8.3,0.12,1999-11-17
Rayman 2: The Great Escape,N64,Ubisoft,9.0,0.64,1999-10-31
Rayman 2: The Great Escape,PC,Ubisoft Montpellier,9.1,0.00,1999-10-31
Monaco Grand Prix,N64,Ubisoft,N/A,0.04,1999-09-01
All Star Tennis 99,N64,Smart Dog,5.1,0.05,1999-08-31
Tonic Trouble,N64,Ubisoft Montpellier,N/A,0.11,1999-08-31
S.C.A.R.S,N64,Vivid Image,N/A,0.06,1998-12-04
Buck Bumble,N64,Argonaut Games,6.8,0.16,1998-09-30
S.C.A.R.S,PS,Vivid Image,N/A,0.08,1998-08-31
F1 Pole Position 64,N64,Human Entertainment,N/A,0.25,1997-09-30
Rayman Gold,PC,Ubisoft,N/A,0.00,1997-01-01
Street Racer,PS,Vivid Image,N/A,0.16,1996-10-31
Rayman,PS,Ubisoft Montpellier,7.0,3.03,1995-09-01
