,Name,Developer,CriticScore,UserScore,GlobalSale,ReleaseDate
2,Imagine: Makeup Artist,Global A Entertainment,N/A,N/A,0.2,2020-12-31
33,F1 2018,Codemasters Birmingham,N/A,N/A,0.2,2018-08-24
34,Legendary Fishing,Ubisoft,N/A,N/A,0.0,2018-09-18
35,Legendary Fishing,Ubisoft,N/A,N/A,0.0,2018-09-18
37,Far Cry 3: Classic Edition,Ubisoft Montreal,N/A,N/A,0.0,2018-07-05
38,The Crew 2,Ivory Tower,N/A,N/A,0.2,2018-06-29
39,The Crew 2,Ivory Tower,6.5,N/A,0.5,2018-06-29
41,Railway Empire,Gaming Minds Studios,N/A,N/A,0.0,2018-01-30
42,South Park: The Fractured But Whole,Ubisoft San Francisco,N/A,N/A,0.0,2018-04-24
43,Far Cry 5,Ubisoft Montreal,7.2,N/A,1.5,2018-03-27
44,Far Cry 5,Ubisoft,7.9,N/A,3.6,2018-03-27
45,Far Cry 5,Ubisoft,6.3,N/A,0.0,2018-02-27
46,Assassin's Creed Rogue Remastered    Read the review,Ubisoft,6.0,N/A,0.0,2018-03-20
47,Assassin's Creed Rogue Remastered,Ubisoft,N/A,N/A,0.1,2018-03-20
48,South Park: The Stick of Truth,Obsidian Entertainment,N/A,N/A,0.0,2018-02-13
49,South Park: The Stick of Truth,Obsidian Entertainment,N/A,N/A,0.0,2018-02-13
50,America's Greatest Game Shows: Wheel of Fortune & Jeopardy!,Ubisoft,N/A,N/A,0.0,2017-11-07
51,America's Greatest Game Shows: Wheel of Fortune & Jeopardy!,Ubisoft,N/A,N/A,0.0,2017-11-07
53,Monopoly for Nintendo Switch,Engine Software,5.3,N/A,0.2,2017-10-31
54,Assassin's Creed Origins,Ubisoft Montreal,N/A,N/A,3.9,2017-10-27
55,Assassin's Creed Origins,Ubisoft Montreal,N/A,N/A,0.1,2017-10-27
56,Assassin's Creed Origins,Ubisoft Montreal,N/A,N/A,2.3,2017-10-27
57,Just Dance 2018,Ubisoft Paris,N/A,N/A,0.3,2017-10-24
58,Just Dance 2018,Ubisoft Paris,N/A,N/A,0.1,2017-10-24
59,Just Dance 2018,Ubisoft Paris,N/A,N/A,0.6,2017-10-24
60,Just Dance 2018,Ubisoft Paris,N/A,N/A,0.0,2017-10-24
61,Just Dance 2018,Ubisoft Paris,N/A,N/A,0.2,2017-10-24
62,Just Dance 2018,Ubisoft Paris,N/A,N/A,0.0,2017-10-24
63,Just Dance 2018,Ubisoft Paris,N/A,N/A,0.2,2017-10-24
64,South Park: The Fractured But Whole,Ubisoft San Francisco,N/A,N/A,0.5,2017-10-17
65,South Park: The Fractured But Whole,Ubisoft San Francisco,N/A,N/A,1.3,2017-10-17
66,South Park: The Fractured But Whole,Ubisoft San Francisco,N/A,N/A,0.0,2017-10-17
67,Sniper: Ghost Warrior 3,City Interactive,N/A,N/A,0.3,2017-04-25
68,F1 2017,Codemasters,N/A,N/A,0.6,2017-08-25
69,Rayman Legends,Ubisoft Montpellier,4.5,N/A,0.5,2017-09-12
70,Mario + Rabbids: Kingdom Battle    Read the review,Ubisoft Milan,7.7,N/A,2.1,2017-08-29
71,DiRT 4,Codemasters,N/A,N/A,0.4,2017-06-06
72,Star Trek Bridge Crew,Red Storm Entertainment,N/A,N/A,0.2,2017-05-30
73,Tom Clancy's Ghost Recon Wildlands,Ubisoft Paris,7.0,N/A,3.0,2017-03-07
74,Tom Clancy's Ghost Recon Wildlands,Ubisoft Paris,7.4,N/A,0.0,2017-03-07
75,Tom Clancy's Ghost Recon Wildlands,Ubisoft Paris,7.7,N/A,1.5,2017-03-07
76,Just Dance 2017,Ubisoft Paris,6.5,N/A,0.2,2017-03-03
77,For Honor,Ubisoft Montreal,N/A,N/A,0.0,2017-02-14
78,For Honor,Ubisoft Montreal,N/A,N/A,0.8,2017-02-14
79,For Honor,Ubisoft Montreal,N/A,N/A,1.6,2017-02-14
80,Werewolves Within,Ubisoft,N/A,N/A,0.0,2016-12-06
81,Steep,Ubisoft Annecy,N/A,N/A,0.4,2016-12-02
82,Steep,Ubisoft Annecy,N/A,N/A,0.9,2016-12-02
85,Assassin's Creed The Ezio Collection,Ubisoft,N/A,N/A,0.7,2016-11-15
86,Assassin's Creed The Ezio Collection,Ubisoft,N/A,N/A,0.2,2016-11-15
87,Hasbro Family Fun Pack Conquest Edition,Ubisoft,N/A,N/A,0.0,2016-11-15
88,Hasbro Family Fun Pack Conquest Edition,Ubisoft,N/A,N/A,0.0,2016-11-15
89,Watch Dogs 2,Ubisoft,N/A,N/A,0.0,2016-11-15
90,Watch Dogs 2,Ubisoft,N/A,N/A,1.3,2016-11-15
91,Watch Dogs 2,Ubisoft,N/A,N/A,3.3,2016-11-15
92,Eagle Flight,Ubisoft,N/A,N/A,0.1,2016-11-08
93,Just Dance 2017,Ubisoft Paris,N/A,N/A,0.4,2016-10-25
94,Just Dance 2017,Ubisoft Paris,N/A,N/A,0.2,2016-10-25
95,Just Dance 2017,Ubisoft Paris,N/A,N/A,0.1,2016-10-25
96,Just Dance 2017,Ubisoft Paris,N/A,N/A,0.2,2016-10-25
97,Just Dance 2017,Ubisoft Paris,N/A,N/A,0.3,2016-10-25
98,Just Dance 2017,Ubisoft Paris,N/A,N/A,1.0,2016-10-25
100,Rocksmith 2014 Edition Remastered,Ubisoft,N/A,N/A,0.1,2016-10-04
101,Rocksmith 2014 Edition Remastered,Ubisoft,N/A,N/A,0.1,2016-10-04
103,Just Sing,Ubisoft,N/A,N/A,0.0,2016-09-06
104,Just Sing,Ubisoft,N/A,N/A,0.0,2016-09-06
105,F1 2016,Codemasters,N/A,N/A,0.7,2017-01-01
106,Grand Ages: Medieval,Gaming Minds Studios,N/A,N/A,0.0,2015-09-29
107,Assassin's Creed Chronicles,Climax Studios,N/A,N/A,0.1,2016-04-05
108,TrackMania Turbo,Nadeo,N/A,N/A,0.0,2016-03-22
109,TrackMania Turbo,Nadeo,N/A,N/A,0.1,2016-03-22
110,TrackMania Turbo,Nadeo,N/A,N/A,0.4,2016-03-22
111,Tom Clancy's The Division,Massive Entertainment,N/A,N/A,2.5,2016-03-08
112,Tom Clancy's The Division,Massive Entertainment,N/A,N/A,0.4,2016-03-08
113,Tom Clancy's The Division,Massive Entertainment,N/A,N/A,4.3,2016-03-08
114,Far Cry: Primal,Ubisoft Montreal,8.0,N/A,0.2,2016-03-01
115,Far Cry: Primal,Ubisoft Montreal,7.8,N/A,1.0,2016-02-23
116,Far Cry: Primal,Ubisoft Montreal,7.2,N/A,2.7,2016-02-23
119,Assassin's Creed Chronicles,Climax Studios,N/A,N/A,0.0,2016-02-09
121,Assassin's Creed Chronicles,Climax Studios,N/A,N/A,0.1,2016-02-09
124,Zombi,Ubisoft Montpellier,N/A,N/A,0.0,2016-01-21
129,Tom Clancy's Rainbow Six: Siege,Ubisoft Montreal,N/A,N/A,2.5,2015-12-01
130,Tom Clancy's Rainbow Six: Siege,Ubisoft Montreal,N/A,N/A,4.1,2015-12-01
131,Tom Clancy's Rainbow Six: Siege,Ubisoft Montreal,N/A,N/A,0.3,2015-12-01
132,Assassin's Creed Syndicate,Ubisoft Quebec,N/A,N/A,0.2,2015-11-19
133,The Crew: Wild Run,Ivory Tower,N/A,N/A,0.0,2015-11-17
134,The Crew: Wild Run,Ivory Tower,N/A,N/A,0.0,2015-11-17
135,The Crew: Wild Run,Ivory Tower,N/A,N/A,0.1,2015-11-17
136,Anno 2205,Blue Byte,N/A,N/A,0.2,2015-11-03
137,Assassin's Creed Syndicate,Ubisoft Quebec,N/A,N/A,1.4,2015-10-23
138,Assassin's Creed Syndicate,Ubisoft Quebec,8.6,N/A,3.5,2015-10-23
139,Hasbro Family Fun Pack,Ubisoft,N/A,N/A,0.1,2015-10-20
141,Just Dance 2016,Ubisoft Paris,N/A,N/A,0.3,2015-10-20
142,Just Dance 2016,Ubisoft Paris,N/A,N/A,0.3,2015-10-20
143,Just Dance 2016,Ubisoft Paris,N/A,N/A,1.1,2015-10-20
144,Just Dance 2016,Ubisoft Paris,N/A,N/A,0.6,2015-10-20
145,Just Dance 2016,Ubisoft Paris,N/A,N/A,0.2,2015-10-20
146,Just Dance 2016,Ubisoft Paris,N/A,N/A,0.3,2015-10-20
147,Gravity Falls: Legend of the Gnome Gemulets,Ubisoft,N/A,N/A,0.0,2015-10-20
148,Just Dance: Disney Party 2,Ubisoft San Francisco,N/A,N/A,0.0,2015-10-20
149,Just Dance: Disney Party 2,Ubisoft San Francisco,N/A,N/A,0.0,2015-10-20
150,Just Dance: Disney Party 2,Ubisoft San Francisco,N/A,N/A,0.0,2015-10-20
151,Just Dance: Disney Party 2,Ubisoft San Francisco,N/A,N/A,0.0,2015-10-20
152,Might & Magic Heroes VII,Limbic Software,N/A,N/A,0.0,2015-09-29
154,Zombi,Ubisoft Montpellier,7.5,N/A,0.0,2015-08-18
156,Toy Soldiers: War Chest,Signal Studios,N/A,N/A,0.0,2015-08-11
157,Toy Soldiers: War Chest,Signal Studios,N/A,N/A,0.0,2015-08-11
158,F1 2015,Codemasters Birmingham,N/A,N/A,0.6,2015-07-21
159,F1 2015,Codemasters Birmingham,N/A,N/A,0.0,2015-07-21
160,F1 2015,Codemasters Birmingham,N/A,N/A,0.2,2015-07-21
161,Tetris Ultimate,Ubisoft Montreal,N/A,N/A,0.0,2015-06-04
165,Assassin's Creed Chronicles: China,Ubisoft,N/A,N/A,0.0,2015-04-01
166,Assassin's Creed Chronicles: China,Ubisoft,N/A,N/A,0.0,2015-04-01
167,Assassin's Creed: Rogue,Ubisoft Sofia,N/A,N/A,0.1,2015-03-10
168,Lords of the Fallen,DECK13 Interactive,N/A,N/A,0.5,2014-10-28
169,The Mighty Quest for Epic Loot,Unknown,N/A,N/A,0.0,2015-02-05
171,Rabbids Invasion: The Interactive TV Show,Ubisoft Paris,N/A,N/A,0.0,2015-01-01
172,Rabbids Invasion: The Interactive TV Show,Ubisoft Paris,N/A,N/A,0.0,2015-01-01
173,Rabbids Invasion: The Interactive TV Show,Ubisoft Paris,N/A,N/A,0.0,2015-01-01
174,Trials Fusion,RedLynx,N/A,N/A,0.2,2015-01-01
176,Trials Fusion,Unknown,N/A,N/A,0.0,2015-01-01
177,Trials Fusion,Unknown,N/A,N/A,0.4,2014-04-16
180,The Crew,Ubisoft Reflections,N/A,N/A,1.7,2014-12-02
181,The Crew,Ubisoft Reflections,N/A,N/A,0.2,2014-12-02
182,The Crew,Ubisoft Reflections,N/A,N/A,0.1,2014-12-02
183,The Crew,Ubisoft Reflections,N/A,N/A,0.7,2014-12-02
184,Watch Dogs,Ubisoft Montreal,N/A,N/A,0.1,2014-11-18
185,Far Cry 4,Ubisoft Montreal,8.4,N/A,4.0,2014-11-18
186,Far Cry 4,Ubisoft Montreal,N/A,N/A,1.2,2014-11-18
187,Far Cry 4,Ubisoft Montreal,8.5,N/A,0.6,2014-11-18
188,Far Cry 4,Ubisoft Montreal,N/A,N/A,0.9,2014-11-18
189,Far Cry 4,Ubisoft Montreal,8.5,N/A,1.6,2014-11-18
190,Tetris Ultimate,Ubisoft Montreal,N/A,N/A,0.0,2014-11-11
191,Assassin's Creed: Rogue,Ubisoft Sofia,N/A,N/A,1.3,2014-11-11
192,Assassin's Creed: Rogue,Ubisoft Sofia,N/A,N/A,1.0,2014-11-11
193,Assassin's Creed: Unity,Ubisoft Montreal,N/A,N/A,3.5,2014-11-11
194,Assassin's Creed: Unity,Ubisoft Montreal,N/A,N/A,0.5,2014-11-11
195,Assassin's Creed: Unity,Ubisoft Montreal,N/A,N/A,4.1,2014-11-11
196,Shape Up,Ubisoft Montreal,N/A,N/A,0.1,2014-11-11
197,Rocksmith 2014,Ubisoft San Francisco,9.0,N/A,0.4,2016-10-04
198,Rocksmith 2014,Ubisoft San Francisco,N/A,N/A,0.6,2016-10-04
199,Just Dance 2015,Ubisoft Paris,N/A,N/A,0.6,2014-10-21
200,Just Dance 2015,Ubisoft Paris,N/A,N/A,0.6,2014-10-21
201,Just Dance 2015,Ubisoft Paris,N/A,N/A,0.4,2014-10-21
202,Just Dance 2015,Ubisoft Paris,N/A,N/A,2.0,2014-10-21
203,Just Dance 2015,Ubisoft Paris,N/A,N/A,0.7,2014-10-21
204,Just Dance 2015,Ubisoft Paris,N/A,N/A,0.2,2014-10-21
207,Rayman Legends,Ubisoft Montpellier,N/A,N/A,0.1,2013-09-03
208,Child of Light,Ubisoft Montreal,N/A,N/A,0.0,2014-07-01
216,Watch Dogs,Ubisoft Montreal,N/A,N/A,0.4,2014-05-27
217,Watch Dogs,Ubisoft Montreal,N/A,N/A,1.2,2014-05-27
218,Watch Dogs,Ubisoft Montreal,N/A,N/A,1.6,2014-05-27
219,Watch Dogs,Ubisoft Montreal,N/A,N/A,4.3,2014-05-27
220,Watch Dogs,Ubisoft Montreal,N/A,N/A,1.8,2014-05-27
221,Child of Light,Unknown,N/A,N/A,0.0,2014-04-30
225,Child of Light,Unknown,N/A,N/A,0.0,2014-04-30
229,Might & Magic X: Legacy,Unknown,N/A,N/A,0.0,2014-04-01
230,South Park: The Stick of Truth,Obsidian Entertainment,N/A,N/A,0.1,2014-03-04
231,South Park: The Stick of Truth,Obsidian Entertainment,N/A,N/A,0.9,2014-03-04
232,South Park: The Stick of Truth,Obsidian Entertainment,N/A,N/A,0.9,2014-03-04
234,Rayman Legends,Ubisoft Montpellier,N/A,N/A,0.3,2014-02-18
235,Rayman Legends,Ubisoft Montpellier,N/A,N/A,1.5,2014-02-18
244,Tom Clancy's Rainbow Six: Patriots,Ubisoft,N/A,N/A,0.0,2014-01-01
245,Tom Clancy's Rainbow Six: Patriots,Ubisoft,N/A,N/A,0.0,2014-01-01
248,Assassin's Creed IV: Black Flag,Ubisoft Montreal,8.3,N/A,3.1,2013-11-15
249,Just Dance 2014,Ubisoft Paris,7.5,N/A,0.4,2013-11-15
250,Assassin's Creed IV: Black Flag,Ubisoft Montreal,8.5,N/A,0.6,2013-11-19
251,Assassin's Creed IV: Black Flag,Ubisoft Montreal,8.3,N/A,2.3,2013-11-22
252,Assassin's Creed IV: Black Flag,Ubisoft Montreal,8.5,N/A,0.2,2013-10-29
253,Fighter Within,Daoka,N/A,N/A,0.1,2013-11-19
254,Just Dance 2014,Ubisoft Paris,N/A,N/A,0.4,2013-11-22
256,Assassin's Creed IV: Black Flag,Ubisoft Montreal,8.7,N/A,3.9,2013-10-29
257,Assassin's Creed IV: Black Flag,Ubisoft Montreal,8.5,N/A,3.3,2013-10-29
258,2 in 1 Combo Pack: Sonic Heroes / Super Monkey Ball Deluxe,Unknown,N/A,N/A,0.1,2013-10-22
259,Rocksmith 2014,Ubisoft San Francisco,9.1,N/A,1.0,2013-10-22
261,Rocksmith 2014,Ubisoft San Francisco,8.4,N/A,0.9,2013-10-22
262,Rocksmith 2014,Ubisoft San Francisco,9.0,N/A,0.7,2016-10-04
266,Just Dance 2014,Ubisoft Paris,7.6,N/A,1.0,2013-10-08
267,Just Dance 2014,Ubisoft Paris,7.8,N/A,0.3,2013-10-08
268,Just Dance 2014,Ubisoft Paris,7.4,N/A,3.8,2013-10-08
269,Just Dance 2014,Ubisoft Paris,7.5,N/A,0.6,2013-10-08
271,Rayman Legends,Ubisoft Montpellier,N/A,N/A,0.6,2013-09-03
272,Rayman Legends,Ubisoft Montpellier,N/A,N/A,0.0,2013-09-03
273,Rayman Legends,Ubisoft Montpellier,9.5,N/A,0.6,2013-09-03
274,Rayman Legends,Ubisoft Montpellier,N/A,N/A,0.4,2013-09-03
275,Tom Clancy's Splinter Cell: Blacklist,Ubisoft Toronto,8.3,N/A,0.9,2013-08-20
276,Tom Clancy's Splinter Cell: Blacklist,Ubisoft Shanghai,9.2,N/A,0.1,2013-08-20
277,Tom Clancy's Splinter Cell: Blacklist,Ubisoft Toronto,8.9,N/A,0.2,2013-08-20
278,Tom Clancy's Splinter Cell: Blacklist,Ubisoft Toronto,8.4,N/A,1.0,2013-08-20
285,The Smurfs 2,Way Forward,N/A,N/A,0.1,2013-07-23
286,The Smurfs 2,Way Forward,N/A,N/A,0.1,2013-07-23
287,The Smurfs 2,Way Forward,N/A,N/A,0.0,2013-07-23
288,The Smurfs 2,Way Forward,N/A,N/A,0.1,2013-07-23
289,The Smurfs 2,Way Forward,N/A,N/A,0.1,2013-07-23
290,Sniper Elite V2,Rebellion Developments,7.0,N/A,0.0,2013-05-21
306,Risen 2: Dark Waters,Piranha Bytes,5.5,N/A,0.2,2012-07-31
307,Marvel Avengers: Battle for Earth,Ubisoft Quebec,N/A,N/A,0.1,2012-12-04
310,Assassin's Creed III,Ubisoft Montreal,7.7,N/A,0.3,2012-11-18
311,ESPN: Sports Connection,Ubisoft Barcelona,3.0,N/A,0.3,2012-11-18
312,Far Cry 3,Ubisoft Montreal,N/A,N/A,2.9,2012-12-04
313,Far Cry 3,Ubisoft Montreal,N/A,N/A,0.9,2012-12-04
314,Far Cry 3,Ubisoft Montreal,N/A,N/A,3.2,2012-12-04
315,Just Dance 4,Ubisoft,N/A,N/A,0.3,2012-11-18
316,Rabbids Land,Ubisoft Paris,6.1,N/A,0.0,2012-11-18
317,Your Shape: Fitness Evolved 2013,Unknown,N/A,N/A,0.1,2012-11-18
318,ZombiU,Ubisoft Montpellier,6.9,N/A,0.8,2012-11-18
319,Assassin's Creed III,Ubisoft Montreal,8.6,N/A,0.8,2012-11-20
322,The Hip Hop Dance Experience,Unknown,N/A,N/A,0.0,2012-11-13
323,Marvel Avengers: Battle for Earth,Unknown,N/A,N/A,0.0,2012-10-30
325,Assassin's Creed III: Liberation,Ubisoft,N/A,N/A,1.4,2012-10-30
326,Assassin's Creed III,Ubisoft Montreal,N/A,N/A,5.3,2012-10-30
327,Assassin's Creed III,Ubisoft Montreal,8.8,N/A,6.5,2012-10-30
328,Just Dance: Disney Party,Land Ho!,N/A,N/A,0.1,2012-10-23
329,Just Dance: Disney Party,Land Ho!,N/A,N/A,0.1,2012-10-23
330,Just Dance 4,Ubisoft,N/A,N/A,1.2,2012-10-09
331,Just Dance 4,Ubisoft,N/A,N/A,6.8,2012-10-09
332,Just Dance 4,Ubisoft,N/A,N/A,0.4,2012-10-09
333,Brothers in Arms: Furious 4,Gearbox Software,N/A,N/A,0.0,2012-09-30
335,Brothers in Arms: Furious 4,Gearbox Software,N/A,N/A,0.0,2012-09-30
337,Sniper Elite V2,Rebellion Developments,7.0,N/A,0.8,2012-05-01
338,Sniper Elite V2,Rebellion Developments,7.4,N/A,0.9,2012-05-02
343,Tom Clancy's Ghost Recon: Future Soldier,Ubisoft Paris,N/A,N/A,1.4,2012-05-22
344,Tom Clancy's Ghost Recon: Future Soldier,Ubisoft Paris,N/A,N/A,0.9,2012-05-22
345,Tom Clancy's Ghost Recon: Future Soldier,Ubisoft Paris,N/A,N/A,0.1,2012-05-22
346,Rocksmith,Ubisoft,N/A,N/A,0.1,2012-05-13
350,Just Dance: Greatest Hits,Ubisoft Paris,N/A,N/A,0.2,2012-07-26
351,Rayman Origins,UBIart Montpellier,N/A,N/A,0.0,2012-03-29
356,Funky Barn 3D,Unknown,N/A,N/A,0.1,2012-04-03
357,Horses 3D,Ubisoft,N/A,N/A,0.0,2012-03-27
358,Rayman Origins,Ubisoft,N/A,N/A,0.1,2012-12-06
359,Asphalt: Injection,Ubisoft,N/A,N/A,0.2,2012-02-14
360,Lumines: Electronic Symphony,Q Entertainment,N/A,N/A,0.2,2012-02-14
361,Rayman Origins,UBIart Montpellier,N/A,N/A,0.5,2012-02-14
363,Michael Jackson The Experience HD,Longtail Studios,N/A,N/A,0.1,2012-02-14
366,Just Dance 3,Ubisoft Paris,N/A,N/A,0.6,2011-12-06
367,The Adventures of Tintin: The Game,Ubisoft,N/A,N/A,0.3,2011-12-06
368,The Adventures of Tintin: The Game,Ubisoft Montpellier,N/A,N/A,0.1,2011-12-06
369,The Adventures of Tintin: The Game,Ubisoft,N/A,N/A,0.0,2011-12-06
370,The Adventures of Tintin: The Game,Ubisoft,N/A,N/A,0.2,2011-12-06
371,The Adventures of Tintin: The Game,Ubisoft,5.0,N/A,0.2,2011-12-06
372,Assassin's Creed: Revelations,Ubisoft Montreal,N/A,N/A,0.7,2011-11-29
373,ABBA: You Can Dance,Ubisoft,N/A,N/A,0.7,2011-11-15
374,James Noir's Hollywood Crimes,Ubisoft,N/A,N/A,0.1,2011-11-01
375,Hole in the Wall: Deluxe Edition,Ubisoft,N/A,N/A,0.1,2011-11-20
376,Anno 2070,Blue Byte Studio,8.7,N/A,1.4,2011-11-17
377,Assassin's Creed: Revelations,Ubisoft Montreal,7.9,N/A,4.2,2011-11-15
378,Assassin's Creed: Revelations,Ubisoft Montreal,8.8,N/A,4.2,2011-11-15
379,Rayman Origins,Ubisoft,9.0,N/A,0.7,2011-11-15
380,Rayman Origins,Ubisoft,8.5,N/A,1.0,2011-11-15
381,Rayman Origins,Ubisoft,9.5,N/A,0.5,2011-11-15
382,The Price is Right: Decades,Ludia Inc.,N/A,N/A,0.1,2011-11-15
383,Puppies 3D,Ubisoft,N/A,N/A,0.1,2011-11-08
384,The Black Eyed Peas Experience,Ubisoft,N/A,N/A,0.6,2011-11-08
385,The Black Eyed Peas Experience,Ubisoft,N/A,N/A,0.3,2011-11-08
386,Michael Jackson: The Experience 3D,Longtail Studios,N/A,N/A,0.1,2011-11-08
387,Rabbids: Alive & Kicking,Ubisoft,N/A,N/A,0.2,2011-11-08
388,Self-Defense Training Camp,Ubisoft,N/A,N/A,0.1,2011-11-08
389,Your Shape: Fitness Evolved 2012,Ubisoft Montreal,N/A,N/A,1.1,2011-11-08
391,MotionSports: Adrenaline,Ubisoft Vancouver,N/A,N/A,0.1,2011-11-01
392,MotionSports: Adrenaline,Ubisoft Vancouver,N/A,N/A,0.2,2011-11-01
393,Who Wants to Be A Millionaire?,Ubisoft,N/A,N/A,0.1,2011-11-01
394,NCIS,Ubisoft,N/A,N/A,0.1,2011-11-01
395,NCIS,Ubisoft,N/A,N/A,0.1,2011-11-01
396,NCIS,Ubisoft,N/A,N/A,0.1,2011-11-01
397,NCIS,Ubisoft,N/A,N/A,0.0,2011-11-01
398,NCIS 3D,Ubisoft,N/A,N/A,0.1,2012-08-14
399,Just Dance Kids 2,Ubisoft,N/A,N/A,0.4,2011-10-25
400,Just Dance Kids 2,Ubisoft,N/A,N/A,0.4,2011-10-25
401,Just Dance Kids 2,Ubisoft,N/A,N/A,0.2,2011-10-25
402,Zoo Resort 3D,AQ Interactive,N/A,N/A,0.2,2011-10-25
403,Family Feud: 2012 Edition,Ubisoft,N/A,N/A,0.1,2011-10-18
404,Family Feud: 2012 Edition,Ubisoft,N/A,N/A,0.1,2011-10-18
405,Petz Puppyz & Kittenz,Ubisoft,N/A,N/A,0.1,2011-10-18
406,PowerUp Heroes,Ubisoft,4.0,N/A,0.3,2011-10-18
407,Rocksmith,Ubisoft,8.0,N/A,1.1,2011-10-18
408,Rocksmith,Ubisoft,8.0,N/A,1.1,2011-10-18
409,The Price is Right: Decades,Ludia Inc.,N/A,N/A,0.1,2011-10-18
410,WRC 2: FIA World Rally Championship,Milestone S.r.l,N/A,N/A,0.0,2011-10-14
411,WRC 2: FIA World Rally Championship,Milestone S.r.l,N/A,N/A,0.1,2011-10-14
412,WRC 2: FIA World Rally Championship,Milestone S.r.l,5.8,N/A,0.0,2011-10-14
413,Might & Magic Heroes VI,Black Hole Games,7.4,N/A,0.3,2011-10-13
414,Imagine: Fashion Designer,Ubisoft Sofia,N/A,N/A,0.1,2011-10-11
415,Just Dance 3,Ubisoft Paris,5.5,N/A,2.0,2011-10-07
416,Just Dance 3,Ubisoft Paris,7.5,N/A,10.1,2011-10-07
417,Child of Eden,Q Entertainment,7.7,N/A,0.2,2011-09-27
418,Driver: San Francisco,Ubisoft Reflections,8.3,N/A,0.1,2011-09-27
419,Tom Clancy's Splinter Cell Trilogy,Ubisoft,6.5,N/A,0.1,2011-09-27
422,Call of Juarez: The Cartel,Techland,4.5,N/A,0.1,2011-09-13
424,Puzzler Mind Gym 3D,Ubisoft,N/A,N/A,0.0,2011-09-13
425,Driver: San Francisco,Ubisoft Reflections,7.0,N/A,0.1,2011-09-06
426,Driver: San Francisco,Ubisoft Reflections,8.2,N/A,0.9,2011-09-06
427,Driver: San Francisco,Ubisoft Reflections,8.1,N/A,0.7,2011-09-06
428,Driver: Renegade,Ubisoft,N/A,N/A,0.0,2011-09-06
430,From Dust,Ubisoft Montpellier,8.2,N/A,0.0,2011-08-17
435,Sniper: Ghost Warrior,City Interactive,4.5,N/A,0.8,2011-06-28
436,Call of Juarez: The Cartel,Techland,5.2,N/A,0.2,2011-07-19
437,Call of Juarez: The Cartel,Techland,5.4,N/A,0.2,2011-07-19
438,Just Dance: Summer Party,Ubisoft Paris,N/A,N/A,0.4,2011-07-19
441,The Smurfs,Ubisoft,N/A,N/A,0.4,2011-07-19
442,The Smurfs: Dance Party,Ubisoft,N/A,N/A,0.3,2011-07-19
443,Just Dance 2: Extra Songs,Ubisoft Paris,N/A,N/A,0.2,2011-07-15
445,Petz Fantasy 3D,Ubisoft,N/A,N/A,0.0,2011-06-21
447,Tom Clancy's Splinter Cell Classic Trilogy HD,Ubisoft,N/A,N/A,0.0,2011-06-21
450,Child of Eden,Q Entertainment,8.3,N/A,0.4,2011-06-14
451,Cubic Ninja,AQ Interactive,5.5,N/A,0.1,2011-06-14
457,Michael Jackson: The Experience,Ubisoft Montreal,5.6,N/A,0.8,2011-04-12
458,Michael Jackson: The Experience,Ubisoft Montreal,N/A,N/A,0.5,2011-04-12
460,IL-2 Sturmovik: Cliffs of Dover,1C: Maddox Games,5.0,N/A,0.0,2011-04-26
461,Rayman 3D,Ubisoft,6.3,N/A,0.6,2011-03-22
462,Tom Clancy's Ghost Recon: Shadow Wars,Ubisoft,7.9,N/A,0.3,2011-03-22
463,Raving Rabbids: Travel in Time 3D,Ubisoft Paris,5.8,N/A,0.3,2011-04-10
464,Asphalt 3D,Konami,4.0,N/A,0.4,2011-03-22
465,Assassin's Creed: Brotherhood,Ubisoft Montreal,8.7,N/A,0.5,2011-03-22
466,Combat of Giants: Dinosaurs 3D,Ubisoft,4.3,N/A,0.3,2011-03-22
467,My Fitness Coach: Club,Ubisoft,N/A,N/A,0.1,2011-03-18
468,My Fitness Coach: Club,Ubisoft,N/A,N/A,0.0,2011-03-18
469,Tom Clancy's Splinter Cell 3D,Gameloft,8.0,N/A,0.3,2011-04-10
471,Dance on Broadway,Longtail Studios,N/A,N/A,0.0,2011-03-15
472,Fit in Six,Blue Byte Studio,N/A,N/A,0.1,2011-03-15
473,Fit in Six,Blue Byte Studio,N/A,N/A,0.1,2011-03-15
477,Petz Bunnyz Bunch,Ubisoft,N/A,N/A,0.0,2011-03-08
478,"The $1,000,000 Pyramid",Ubisoft,N/A,N/A,0.0,2011-03-08
482,Two Worlds II,Reality Pump,6.5,N/A,0.5,2011-01-25
483,Two Worlds II,Reality Pump,6.5,N/A,0.4,2011-01-25
484,We Dare: Flirty Fun For All,Ubisoft Milan,N/A,N/A,0.0,2011-02-11
498,CSI: Unsolved!,Other Ocean Interactive,N/A,N/A,0.2,2010-11-23
500,Michael Jackson: The Experience,Ubisoft Montpellier,5.6,N/A,4.3,2010-11-23
501,Michael Jackson: The Experience,Longtail Studios,N/A,N/A,0.2,2010-11-23
502,Michael Jackson: The Experience,Ubisoft Montreal,N/A,N/A,0.1,2010-11-23
503,Raving Rabbids: Travel in Time,Ubisoft Paris,N/A,N/A,0.7,2010-11-21
504,Prince of Persia Trilogy,Ubisoft,8.3,N/A,0.5,2011-04-19
505,Take A Break's: Puzzle Bonanza,Ubisoft,N/A,N/A,0.0,2010-11-19
506,Assassin's Creed: Brotherhood,Ubisoft Montreal,9.1,N/A,2.8,2010-11-16
507,Assassin's Creed: Brotherhood,Ubisoft Montreal,9.1,N/A,3.5,2010-11-16
510,Tom Clancy's Ghost Recon,Ubisoft Paris,N/A,N/A,0.1,2010-11-16
511,Tom Clancy's Ghost Recon: Predator,Ubisoft,N/A,N/A,0.1,2010-11-16
512,Tom Clancy's HAWX 2,Ubisoft Bucharest,N/A,N/A,0.0,2010-11-11
513,Battle of Giants: Dinosaurs Strike,Ubisoft Quebec City,N/A,N/A,0.1,2010-11-09
514,Family Feud Decades,Ludia Inc.,N/A,N/A,0.1,2010-11-09
515,Just Dance Kids,Ubisoft Paris,N/A,N/A,2.2,2010-11-09
516,Tom Clancy's HAWX 2,Ubisoft Bucharest,N/A,N/A,0.1,2010-11-09
517,Fighters Uncaged,AMA Studios,3.2,N/A,0.6,2010-11-04
518,MotionSports,Ubisoft Milan,4.1,N/A,0.6,2010-11-04
519,Your Shape: Fitness Evolved    Read the review,Ubisoft Montreal,7.0,N/A,1.3,2010-11-04
520,Imagine: Fashion Stylist,Magic Pockets,N/A,N/A,0.1,2010-11-02
523,CSI: Fatal Conspiracy,Telltale Games,N/A,N/A,0.1,2010-10-26
524,CSI: Fatal Conspiracy,Telltale Games,N/A,N/A,0.2,2010-10-26
525,CSI: Fatal Conspiracy,Telltale Games,N/A,N/A,0.1,2010-10-26
526,CSI: Fatal Conspiracy,Telltale Games,N/A,N/A,0.0,2010-10-26
527,Imagine: Resort Owner,Ubisoft,N/A,N/A,0.0,2010-10-26
528,Petz: Catz Playground,Ubisoft Nagoya,N/A,N/A,0.0,2010-10-26
529,The Amazing Race,Ludia Inc.,N/A,N/A,0.1,2010-10-26
530,Shaun White Skateboarding,Ubisoft Montreal,N/A,N/A,0.0,2010-10-24
531,Shaun White Skateboarding,Ubisoft Montreal,6.1,N/A,0.1,2010-10-24
532,Shaun White Skateboarding,Ubisoft Montreal,6.6,N/A,0.2,2010-10-24
533,Shaun White Skateboarding,Ubisoft Montreal,N/A,N/A,0.1,2010-10-24
534,Peppa Pig: Fun and Games,Ubisoft,N/A,N/A,0.1,2010-10-22
535,Puzzler World 2,Ubisoft,N/A,N/A,0.1,2011-08-16
537,Just Dance 2,Ubisoft Paris,7.3,N/A,9.4,2010-10-12
538,Let's Draw!,Agatsuma Entertainment,N/A,N/A,0.5,2010-03-16
539,Tom Clancy's HAWX 2,Ubisoft Bucharest,N/A,N/A,0.4,2010-09-07
540,Hollywood Squares,Ubisoft,N/A,N/A,0.1,2010-10-05
541,Petz Fantasy: Sunshine Magic,Ubisoft,N/A,N/A,0.0,2010-10-05
542,Sports Collection,Ubisoft Pune,N/A,N/A,0.0,2010-10-05
543,Who Wants to Be a Millionaire: 3rd Edition,Ubisoft,N/A,N/A,0.0,2010-10-05
544,Who Wants to Be a Millionaire: 3rd Edition,Ubisoft,N/A,N/A,0.1,2010-10-05
547,Petz Fantasy: Moonlight Magic,Ubisoft,N/A,N/A,0.1,2010-09-28
548,Arthur and the Revenge of Maltazard,Avalanche Productions,N/A,N/A,0.0,2010-09-24
553,TrackMania Turbo: Build to Race,Firebrand Games,N/A,N/A,0.0,2011-04-12
554,Racquet Sports,Asobo Studio,4.2,N/A,0.3,2010-09-14
555,R.U.S.E.,Eugen Systems,8.0,N/A,0.5,2010-09-07
556,R.U.S.E.,Eugen Systems,8.0,N/A,0.2,2010-09-07
557,R.U.S.E.,Eugen Systems,8.0,N/A,0.2,2010-09-07
558,Tom Clancy's HAWX 2,Ubisoft Bucharest,N/A,N/A,0.3,2010-09-07
559,Rabbids Party Collection,Ubisoft Montpellier,N/A,N/A,0.1,2010-08-27
561,Gold's Gym: Dance Workout,Land Ho!,N/A,N/A,0.8,2010-08-17
564,Assassin's Creed II: Complete Edition,Ubisoft Montreal,N/A,N/A,0.0,2010-06-04
565,Assassin's Creed II: Complete Edition,Ubisoft Montreal,N/A,N/A,0.0,2010-06-04
568,Galaxy Racers,Ubisoft,N/A,N/A,0.0,2010-07-27
572,Dance on Broadway,Longtail Studios,N/A,N/A,1.0,2010-06-15
576,Pure Futbol,Ubisoft Vancouver,3.8,N/A,0.1,2010-06-01
577,Pure Futbol,Ubisoft Vancouver,4.0,N/A,0.2,2010-06-01
583,Imagine Animal Doctor Care Center,Virtual Toys,N/A,N/A,0.0,2010-05-18
584,Prince of Persia: The Forgotten Sands,Ubisoft Montreal,7.5,N/A,0.6,2010-05-18
585,Prince of Persia: The Forgotten Sands,Ubisoft Montreal,N/A,N/A,0.0,2010-05-18
586,Prince of Persia: The Forgotten Sands,Quebec City,7.5,N/A,0.2,2010-05-18
587,Prince of Persia: The Forgotten Sands,Ubisoft Montreal,N/A,N/A,0.6,2010-05-18
589,Prince of Persia: The Forgotten Sands,Ubisoft Montreal,N/A,N/A,0.1,2010-05-18
590,Prince of Persia: The Forgotten Sands,Quebec City,N/A,N/A,0.3,2010-05-18
593,Tom Clancy's Splinter Cell: Conviction,Ubisoft Montreal,8.0,N/A,0.1,2010-04-27
594,OK! Puzzle Stars,TBD,N/A,N/A,0.0,2010-04-23
596,Tom Clancy's Splinter Cell: Conviction    Read the review,Ubisoft Montreal,8.6,N/A,2.0,2010-04-13
597,Peppa Pig: Fun and Games,Ubisoft,N/A,N/A,0.6,2010-03-26
598,Red Steel 2    Read the review,Ubisoft Paris,7.8,8.5,0.6,2010-03-23
599,The Settlers 7: Paths to a Kingdom,Blue Byte,7.8,N/A,0.3,2010-03-23
601,Assassin's Creed II,Ubisoft Montreal,8.5,N/A,0.5,2010-03-09
602,Assassin's Creed II: Deluxe Edition,Ubisoft Montreal,N/A,N/A,0.1,2010-03-09
603,Racquet Sports,Asobo Studio,N/A,N/A,0.2,2010-03-09
604,Battle of Giants: Mutant Insects,Ubisoft Quebec,N/A,N/A,0.2,2010-03-02
605,Imagine: Sweet 16,Longtail Studios,N/A,N/A,0.0,2010-03-02
606,Silent Hunter 5: Battle of the Atlantic,Ubisoft Romania,N/A,N/A,0.2,2010-03-02
607,Dawn of Discovery: Venice,Blue Byte Software / Related Designs,7.0,N/A,0.0,2010-02-26
608,Hello Kitty: Puzzle Party,Dorart,N/A,N/A,0.0,2010-02-19
611,Best Friends Tonight,Ubisoft,N/A,N/A,0.0,2010-02-09
612,Imagine: Reporter,Visual Impact,N/A,N/A,0.1,2010-02-02
615,No More Heroes 2: Desperate Struggle    Read the review,Grasshopper Manufacture,8.5,N/A,0.4,2010-01-26
618,My Fitness Coach 2: Exercise and Nutrition,Lightning Fish,N/A,N/A,0.1,2010-01-05
619,James Cameron's Avatar: The Game,Ubisoft Montreal,3.9,N/A,0.6,2009-12-01
622,Sleepover Party,Ubisoft,N/A,N/A,0.0,2010-01-12
623,James Cameron's Avatar: The Game,Ubisoft Montreal,5.9,N/A,0.7,2009-12-01
624,James Cameron's Avatar: The Game,Ubisoft Montreal,6.4,N/A,0.0,2009-12-01
625,James Cameron's Avatar: The Game,Ubisoft Montreal,6.0,N/A,0.7,2009-12-01
626,James Cameron's Avatar: The Game,Ubisoft Montreal,6.4,N/A,0.4,2009-12-01
627,James Cameron's Avatar: The Game,Ubisoft Montreal,5.8,N/A,0.9,2009-12-01
628,Might & Magic: Clash of Heroes,Capybara Games,8.6,N/A,0.1,2009-12-01
630,Cook Wars,Virtual Toys,N/A,N/A,0.0,2009-11-24
631,Your Shape featuring Jenny McCarthy,Ubisoft,6.0,N/A,2.1,2009-11-24
633,Assassin's Creed II    Read the review,Ubisoft Montreal,9.1,N/A,5.3,2009-11-17
634,Assassin's Creed II    Read the review,Ubisoft Montreal,9.0,N/A,5.5,2009-11-17
635,Assassin's Creed II: Discovery,Griptonite Games,7.3,N/A,0.2,2009-11-17
636,Assassin's Creed: Bloodlines    Read the review,Griptonite Studio,6.3,N/A,1.2,2009-11-17
637,Imagine: Artist,Ubisoft,N/A,N/A,0.0,2009-11-17
638,Just Dance,Ubisoft Paris,5.4,N/A,7.2,2009-11-17
639,Petz Hamsterz Superstarz,Ubisoft,N/A,N/A,0.1,2009-11-17
640,Petz: Dogz Talent Show,Ubisoft,N/A,N/A,0.1,2009-11-17
641,Take A Break's: Puzzle Master,Ubisoft,N/A,N/A,0.1,2009-11-13
642,Fairyland Melody Magic,Ubisoft Shanghai,N/A,N/A,0.0,2009-11-10
643,Petz Nursery,Ubi Nagoya,N/A,N/A,0.5,2009-11-10
644,Style Lab: Jewelry Design,1st Playable Productions,N/A,N/A,0.3,2009-11-10
645,Style Lab: Makeover,Jet Black Games,N/A,N/A,0.4,2009-11-10
646,Team Elimination Games,Ubisoft,N/A,N/A,0.0,2009-11-10
647,Teenage Mutant Ninja Turtles: Arcade Attack,Ubisoft,4.3,N/A,0.1,2009-11-10
648,Shaun White Snowboarding: World Stage,Ubisoft Montreal,7.2,N/A,0.3,2009-11-08
649,Knockout Party,Ubisoft,N/A,N/A,0.0,2009-11-06
650,Academy of Champions: Soccer    Read the review,Ubisoft Vancouver,7.1,N/A,0.1,2009-11-03
651,C.O.P.: The Recruit,Ubisoft,5.7,N/A,0.0,2009-11-03
652,Imagine: Babyz Fashion,Visual Impact,N/A,N/A,0.1,2009-11-03
653,Rabbids Go Home,Ubisoft Montpellier,8.8,N/A,0.7,2009-11-03
654,Rabbids Go Home    Read the review,Ubisoft Montpellier,8.0,N/A,1.1,2009-11-03
658,100 All-Time Favorites,Ubisoft,N/A,N/A,0.5,2009-10-27
659,CSI: Deadly Intent,Telltale Games,N/A,N/A,0.2,2009-10-27
660,CSI: Deadly Intent,Telltale Games,N/A,N/A,0.2,2009-10-27
661,CSI: Deadly Intent - The Hidden Cases,Other Ocean Interactive,N/A,N/A,0.3,2009-10-27
662,Monster 4x4: Stunt Racer,Ubisoft Reflections,N/A,N/A,0.1,2009-10-27
663,Petz: Dolphinz Encounter,Magic Pockets,N/A,N/A,0.0,2009-10-27
664,Petz: Saddle Club,Digital Kids,N/A,N/A,0.0,2009-10-27
665,Press Your Luck 2010 Edition,Ludia Inc.,N/A,N/A,0.2,2009-10-27
666,Press Your Luck 2010 Edition,Ludia Inc.,N/A,N/A,0.3,2009-10-27
671,Imagine: Fashion Designer World Tour,Virtual Toys,N/A,N/A,0.2,2009-10-20
672,Jam Sessions 2,Ubisoft,N/A,N/A,0.0,2009-10-20
674,Petz Pony: Beauty Pageant,HotGen Studios,N/A,N/A,0.1,2009-10-13
675,Imagine: Zookeeper,Magic Pockets,N/A,N/A,0.2,2009-10-06
677,Imagine: Party Planner,Ubisoft,N/A,N/A,0.0,2010-01-26
678,Puzzler World,Idea Pad,N/A,N/A,0.7,2009-12-08
679,Metropolis Crimes,Lexis Numerique,N/A,N/A,0.0,2009-10-01
685,Battle of Giants: Dragons,Ubisoft Quebec,N/A,N/A,0.6,2009-09-29
686,Family Feud: 2010 Edition,Ludia Inc.,N/A,N/A,0.2,2009-09-29
687,Family Feud: 2010 Edition    Read the review,Ludia Inc.,N/A,N/A,0.6,2009-09-29
688,Imagine: Salon Stylist,Playbox Limited,N/A,N/A,0.3,2009-09-29
689,Teenage Mutant Ninja Turtles: Smash-Up,Game Arts,7.2,N/A,0.2,2009-09-29
690,Heroes over Europe,Transmission Games,N/A,N/A,0.0,2009-09-22
692,Teenage Mutant Ninja Turtles: Smash-Up    Read the review,Game Arts,7.2,N/A,0.3,2009-09-22
693,The Price Is Right 2010 Edition    Read the review,Ludia Inc.,N/A,N/A,0.2,2009-09-22
695,The Price Is Right 2010 Edition,Ludia Inc.,N/A,N/A,0.1,2009-09-22
697,Where's Waldo? The Fantastic Journey,Classic Media Distribution Limited,N/A,N/A,0.2,2009-09-22
698,Where's Waldo? The Fantastic Journey,Classic Media Distribution Limited,N/A,N/A,0.1,2009-09-22
699,Velvet Assassin    Read the review,Replay Studios,5.3,N/A,0.1,2009-04-30
701,Cloudy With a Chance of Meatballs,Ubisoft Shanghai,N/A,N/A,0.2,2009-09-15
702,Cloudy With a Chance of Meatballs,Ubisoft Shanghai,6.0,N/A,0.0,2009-09-15
703,Cloudy With a Chance of Meatballs,Ubisoft Shanghai,6.7,N/A,0.1,2009-09-15
704,Cloudy With A Chance of Meatballs,Ubisoft Shanghai,6.7,N/A,0.1,2009-09-15
705,Cloudy With a Chance of Meatballs,Ubisoft Shanghai,6.7,N/A,0.0,2009-09-15
706,Heroes Over Europe,Transmission Games,N/A,N/A,0.1,2009-09-15
707,Heroes over Europe,Transmission Games,N/A,N/A,0.1,2009-09-15
709,Imagine: Detective,Ubisoft Sao Paulo,N/A,N/A,0.2,2009-09-08
711,Imagine: Teacher Class Trip,Ubisoft,N/A,N/A,0.2,2009-08-25
712,Imagine: Soccer Captain,Ubisoft,N/A,N/A,0.1,2009-08-11
714,City Life DS,Ubisoft,N/A,N/A,0.0,2009-08-07
717,Gold's Gym: Cardio Workout (Others sales),Rocket Company,N/A,N/A,0.3,2009-03-25
718,Summer Sports 2: Island Sports Party,Digital Embryo,N/A,N/A,0.2,2008-12-18
721,Call of Juarez: Bound in Blood    Read the review,Techland,7.6,N/A,0.6,2009-06-30
722,Call of Juarez: Bound in Blood    Read the review,Techland,7.7,N/A,0.8,2009-06-30
723,Call of Juarez: Bound in Blood,Techland,N/A,N/A,0.0,2009-06-30
724,Dawn of Discovery,Related Designs,8.4,N/A,0.3,2009-06-25
729,Classic Word Games,Ubisoft,N/A,N/A,0.5,2009-06-23
730,Dawn of Discovery,Sunflowers Interactive,7.9,N/A,0.1,2009-06-23
731,Dawn of Discovery    Read the review,Sunflowers Interactive,7.9,N/A,0.1,2009-06-23
732,My Healthy Cooking Coach,Ubisoft,N/A,N/A,0.1,2009-06-23
733,Imagine: Champion Rider 2009,Phoenix Interactive,N/A,N/A,0.0,2009-06-19
734,Petz: Dogz Family,Ubisoft,N/A,N/A,0.0,2009-10-27
735,Petz: Hamsterz Bunch,Ubisoft,N/A,N/A,0.0,2009-10-27
738,Petz Fashion: Dogz & Catz,Ubisoft,N/A,N/A,0.1,2009-06-09
740,Imagine: Boutique Owner,Creative Patterns,N/A,N/A,0.2,2009-06-02
743,Imagine: Music Fest,Handheld Games,N/A,N/A,0.1,2009-05-12
744,X-Blades,Gaijin Entertainment,6.4,N/A,0.0,2009-02-10
745,X-Blades,Gaijin Entertainment,5.9,N/A,0.1,2009-02-10
746,X-Blades,Gaijin Entertainment,6.0,N/A,0.1,2009-02-10
748,Tenchu: Shadow Assassins    Read the review,From Software,7.5,N/A,0.1,2009-03-24
749,Fashion Studio: Paris Collection,Ubisoft,N/A,N/A,0.1,2009-03-31
752,Imagine: My Restaurant,Vicarious Visions,N/A,N/A,0.0,2009-03-27
753,Kids Pack: Open Season / Surf's Up,Ubisoft,N/A,N/A,0.0,2009-03-27
755,Vin Diesel: Wheelman,Tigon,6.7,N/A,0.4,2009-03-24
756,Vin Diesel: Wheelman,Tigon,6.5,N/A,0.0,2009-03-24
757,Gold's Gym: Cardio Workout,Rocket Company,N/A,N/A,1.2,2009-03-25
758,Imagine: Family Doctor,WizarBox,N/A,N/A,0.3,2009-03-25
759,Broken Sword: Shadow of the Templars - The Director's Cut    Read the review,Revolution Software,7.5,N/A,0.2,2009-03-24
760,Broken Sword: Shadows of the Templars - The Director's Cut,Revolution Software,N/A,N/A,0.1,2009-03-24
762,Vin Diesel: Wheelman,Tigon,6.9,N/A,0.3,2009-03-24
763,National Geographic Panda (JP sales),Bandai Namco Games,N/A,N/A,0.0,2008-11-11
764,National Geographic Panda (US sales),Namco Bandai Games,N/A,N/A,0.0,2008-11-11
765,Scrabble,Stainless Games,N/A,N/A,0.2,2009-03-17
766,Scrabble (Others sales),Electronic Arts,N/A,N/A,0.2,2009-03-17
768,World in Conflict: Complete Edition,Massive Entertainment / Swordfish Studios,N/A,N/A,0.0,2009-03-17
769,Sam Power: Footballer,Tectoy Digital,N/A,N/A,0.0,2009-03-13
770,Jake Power: Handyman,Magic Pockets,N/A,N/A,0.0,2009-03-11
771,My English Coach: Para Hispanoparlantes,Ubisoft,N/A,N/A,0.0,2009-03-10
772,Vacation Sports,Mere Mortals,N/A,N/A,0.1,2009-03-10
773,World in Conflict: Soviet Assault,Massive Entertainment / Swordfish Studios,6.1,N/A,0.0,2009-03-10
776,Grey's Anatomy: The Video Game,Longtail Studios,N/A,N/A,0.0,2009-03-04
777,Grey's Anatomy: The Video Game,Longtail Studios,N/A,N/A,0.0,2009-03-04
778,Grey's Anatomy: The Video Game,Longtail Studios,N/A,N/A,0.0,2009-03-04
779,Brain Challenge Deluxe,Gameloft,N/A,N/A,0.0,2009-03-03
780,Six Flags Fun Park,7 Studios,N/A,N/A,0.4,2009-03-03
781,Tom Clancy's HAWX,Ubisoft Romania,N/A,N/A,0.0,2009-03-03
782,Tom Clancy's HAWX,Ubisoft Romania,7.5,8.4,0.5,2009-03-03
783,Tom Clancy's HAWX,Ubisoft Romania,6.9,N/A,0.5,2009-03-03
784,Tom Clancy's EndWar,Ubisoft Shanghai,N/A,N/A,0.0,2009-02-24
785,Imagine: Ice Champions,Spike Co.,N/A,N/A,0.1,2009-02-25
786,Jake Power: Policeman,Magic Pockets,N/A,N/A,0.0,2009-02-17
787,Jake Power: Fireman,Magic Pockets,N/A,N/A,0.4,2009-02-10
788,Tenchu: Shadow Assassins    Read the review,Acquire,7.0,N/A,0.2,2009-02-05
789,Imagine: Fashion Party,Virtual Toys / Lexis Numerique,N/A,N/A,0.2,2009-02-03
790,Petz: Horseshoe Ranch,Ubisoft,N/A,N/A,0.1,2009-02-03
791,Imagine: Cheerleader,1st Playable Productions,N/A,N/A,0.0,2009-01-27
792,Jojo's Fashion Show: Design in a Dash!,GameLab,N/A,N/A,0.0,2009-01-27
793,Prince of Persia (2008),Ubisoft Montreal,N/A,N/A,0.0,2008-12-09
796,Shaun White Snowboarding,Ubisoft Montreal,N/A,N/A,0.0,2008-12-03
797,Happy Cooking,MTO,N/A,N/A,0.1,2008-12-02
798,My Fitness Coach,Ubisoft,7.1,N/A,2.3,2008-12-02
799,My Fun Facts Coach,Ubisoft,N/A,N/A,0.0,2008-12-02
800,Prince of Persia    Read the review,Ubisoft Montreal,8.2,6.0,1.0,2008-12-02
801,Prince of Persia    Read the review,Ubisoft Montreal,8.3,8.2,1.0,2008-12-02
802,Prince of Persia: The Fallen King,Ubisoft Casablanca,N/A,N/A,0.0,2008-12-02
803,Wordfish,Ubisoft,N/A,N/A,0.0,2008-12-02
804,Armored Core: For Answer,From Software,6.5,N/A,0.1,2008-09-16
805,Who Wants to be a Millionaire: 2nd Edition,Route 1 Games,N/A,N/A,0.0,2008-11-28
806,Who Wants to be a Millionaire: 2nd Edition,Route 1 Games,N/A,N/A,0.0,2008-11-28
807,Brain Challenge,Gameloft,N/A,N/A,0.0,2008-11-25
808,How To Pass Your Driving Test,Ubisoft,N/A,N/A,0.0,2008-11-21
809,Imagine: Gymnast,1st Playable Productions,N/A,N/A,0.0,2010-03-23
810,CSI: NY - The Game,Legacy Interactive,N/A,N/A,0.0,2008-11-18
811,Imagine: Ballet Star,Spike Co.,N/A,N/A,0.2,2008-11-18
812,Imagine: Movie Star,Powerhead Games,N/A,N/A,0.3,2008-11-18
813,Naruto: The Broken Bond,Ubisoft Montreal,7.6,N/A,0.5,2008-11-18
814,Petz Catz Clan,Ubisoft,5.0,N/A,0.5,2008-11-18
815,Petz Monkeyz House,Ubisoft,5.5,N/A,0.2,2008-11-18
816,Petz Rescue: Endangered Paradise,Phoenix Interactive Entertainment,N/A,N/A,0.2,2008-11-18
817,Petz: Crazy Monkeyz,Ubisoft,3.5,N/A,0.2,2008-11-18
818,Rayman Raving Rabbids: TV Party,Ubisoft Casablanca,N/A,N/A,0.4,2008-11-18
819,Rayman Raving Rabbids: TV Party    Read the review,Ubisoft Paris,7.1,N/A,2.0,2008-11-18
820,Shaun White Snowboarding,Ubisoft Montreal,6.2,N/A,0.3,2008-11-16
821,Shaun White Snowboarding,Ubisoft Montreal,6.2,N/A,0.2,2008-11-16
822,Shaun White Snowboarding    Read the review,Ubisoft Montreal,6.0,N/A,0.6,2008-11-16
823,Shaun White Snowboarding,Ubisoft Montreal,6.3,N/A,0.3,2008-11-16
824,Shaun White Snowboarding    Read the review,Ubisoft Montreal,6.2,N/A,0.8,2008-11-16
825,Shaun White Snowboarding: Road Trip    Read the review,Ubisoft Montreal,7.8,N/A,1.6,2008-11-16
826,Imagine: Party Babyz,Visual Impact,N/A,N/A,0.3,2008-11-11
827,My Stop Smoking Coach: Allen Carr's EasyWay,Ubisoft Quebec,N/A,N/A,0.0,2008-11-11
828,Petz: Horse Club,Phoenix,N/A,N/A,0.2,2008-11-11
830,Imagine: Champion Rider,Phoenix Interactive,N/A,N/A,0.0,2008-11-07
831,Family Fest presents: Movie Games,Phoenix Games,N/A,N/A,0.2,2008-11-04
832,Imagine: Interior Designer,Little Worlds Studio / Anuman Interactive,N/A,N/A,0.7,2008-11-04
833,Imagine: Wedding Designer,Virtual Toys / Lexis Numerique,N/A,N/A,1.2,2008-11-04
835,Petz Sports,Ubisoft Montreal,5.0,N/A,0.4,2008-11-04
836,Petz: Dogz Pack,Ubisoft,N/A,N/A,0.6,2008-11-04
837,Petz: Dogz Pack,Ubisoft,N/A,N/A,0.0,2008-11-04
838,Real Soccer 2009,Gameloft,N/A,N/A,0.0,2008-11-04
839,Tom Clancy's EndWar,Ubisoft Shanghai,N/A,N/A,0.6,2008-11-04
840,Tom Clancy's EndWar,Ubisoft Shanghai,8.0,N/A,0.9,2008-11-04
841,Tom Clancy's EndWar,Funatics Software,N/A,N/A,0.0,2008-11-04
842,Tom Clancy's EndWar,Funatics Software,6.7,N/A,0.1,2008-11-04
843,Petz Rescue: Ocean Patrol,Magic Pockets,N/A,N/A,0.3,2008-10-28
844,Petz Rescue: Wildlife Vet,Virtual Toys / Lexis Numerique,N/A,N/A,0.3,2008-10-28
845,TV Show King Party,Gameloft,N/A,N/A,0.6,2008-10-28
846,Far Cry 2,Ubisoft Montreal,8.4,N/A,0.4,2008-10-21
848,Battle of Giants: Dinosaurs,Ubisoft Quebec,N/A,N/A,0.8,2008-10-21
849,Ener-G Horse Riders,Lexis Numerique,N/A,N/A,0.1,2008-10-21
850,Ener-G: Dance Squad,Lexis Numerique,N/A,N/A,0.1,2008-10-21
851,Ener-G: Gym Rockets,Mud Duck Productions,N/A,N/A,0.3,2008-10-21
852,Family Fest Presents Circus Games,Kuju Entertainment,N/A,N/A,0.4,2008-10-21
853,Far Cry 2    Read the review,Ubisoft Montreal,8.5,N/A,1.5,2008-10-21
854,Far Cry 2    Read the review,Ubisoft Montreal,8.4,N/A,1.3,2008-10-21
855,Petz Rescue: Wildlife Vet,Virtual Toys / Lexis Numerique,N/A,N/A,0.2,2008-10-21
856,Puzzler Collection,Route 1 Games,N/A,N/A,0.0,2008-07-29
858,Cesar Millan's Dog Whisperer,Ubisoft,N/A,N/A,0.0,2008-10-15
859,My Japanese Coach,Ubisoft,N/A,N/A,0.2,2008-10-15
861,The Dog Island,Yuke's Media Creations,N/A,N/A,0.2,2008-10-14
862,Imagine: Fashion Designer New York,Virtual Toys / Lexis Numerique,N/A,N/A,1.0,2008-10-13
863,Brothers in Arms: Hell's Highway,Gearbox Software,6.0,N/A,0.0,2008-10-07
864,Imagine: Babysitters,Visual Impact,N/A,N/A,1.0,2008-10-07
865,My Spanish Coach,Sensory Sweep Studios,7.0,N/A,0.1,2008-10-07
867,Brothers in Arms: Double Time    Read the review,Gearbox Software,4.6,N/A,0.1,2008-09-23
868,Brothers In Arms: Hell's Highway,Gearbox Software,7.6,N/A,0.8,2008-09-23
869,Brothers In Arms: Hell's Highway,Gearbox Software,6.0,N/A,0.9,2008-09-23
870,My SAT Coach with The Princeton Review,Ubisoft Montreal,N/A,N/A,0.1,2008-09-23
874,Armored Core: For Answer    Read the review,From Software,6.1,N/A,0.1,2008-09-16
875,My Secret World by Imagine,Ubisoft Milan,N/A,N/A,0.5,2008-09-16
876,My Secret World by Imagine,Ubisoft,N/A,N/A,0.2,2008-09-16
878,Hell's Kitchen: The Game,Ludia Inc.,N/A,N/A,0.3,2008-09-09
879,Hell's Kitchen: The Game,Ludia Inc.,N/A,N/A,0.3,2008-09-09
880,The Price is Right,Ludia Inc.,N/A,N/A,0.4,2008-09-09
881,The Price is Right,Ludia Inc.,N/A,N/A,0.8,2008-09-09
882,My Chinese Coach,Ubisoft,N/A,N/A,0.1,2008-08-26
884,Imagine: Teacher,Magic Pockets,N/A,N/A,1.7,2008-08-12
885,Quick Yoga Training,Ubisoft,N/A,N/A,0.1,2008-08-06
886,Puzzler Collection,Route 1 Games,N/A,N/A,0.9,2008-08-05
887,Puzzler Collection,Route 1 Games,N/A,N/A,0.0,2008-08-01
888,SoulCalibur IV,Project Soul,8.4,N/A,1.4,2008-07-29
889,SoulCalibur IV,Project Soul,8.3,N/A,1.5,2008-07-29
890,MetropolisMania 2,Indi Software,4.3,N/A,0.0,2007-08-28
891,Animal Genius,Big Blue Bubble Inc.,N/A,N/A,0.1,2007-09-25
892,Summer Sports: Paradise Island,Digital Embryo,N/A,N/A,0.5,2008-04-15
893,Summer Sports: Paradise Island (Others sales),Digital Embryo,N/A,N/A,0.6,2008-04-15
894,John Deere: Harvest in the Heartland,Black Lantern Studios,N/A,N/A,0.2,2007-11-20
895,Gourmet Chef: Cook Your Way to Fame,N/A,N/A,N/A,0.1,2008-06-24
896,Midnight Play! Pack,Gameloft,N/A,N/A,0.0,2008-06-24
897,My Weight Loss Coach,Ubisoft Montreal,N/A,N/A,0.9,2008-06-24
898,Imagine: Rock Star,Gevo Entertainment,N/A,N/A,0.8,2008-06-17
899,Petz Dogz Fashion,Ubisoft,N/A,N/A,0.8,2008-06-17
900,My Fashion Studio,505 Games,N/A,N/A,0.4,2008-06-10
901,Stratego,Ubisoft,N/A,N/A,0.0,2008-06-06
904,Emergency Heroes,Ubisoft Barcelona / Ubisoft Reflections,N/A,N/A,0.4,2008-05-27
905,Haze,Free Radical Design,5.6,N/A,0.9,2008-05-20
907,Tom Clancy's Rainbow Six: Vegas 2,Ubisoft Montreal,N/A,N/A,0.0,2008-04-15
908,Victorious Boxers: Revolution,Cavia Inc.,5.8,N/A,0.1,2007-10-23
909,Assassin's Creed,Ubisoft Montreal,7.6,N/A,0.9,2008-04-08
911,Math Play,Denyu-Sha,N/A,N/A,0.3,2007-09-24
912,Tom Clancy's Rainbow Six: Vegas 2,Ubisoft Montreal,8.2,N/A,1.3,2008-03-19
913,Tom Clancy's Rainbow Six: Vegas 2,Ubisoft Montreal,8.2,N/A,2.4,2008-03-18
914,The Dog Island,Yuke's Media Creations,N/A,N/A,0.3,2008-05-06
915,Anno 1701: Dawn of Discovery,Sunflower Studios,8.0,N/A,0.1,2008-03-04
916,Imagine Figure Skater (JP sales),Spike Co.,N/A,N/A,0.0,2008-03-04
917,Imagine: Figure Skater (US sales),Spike Co.,N/A,N/A,0.4,2008-03-04
918,Petz Bunnyz,Ubisoft,N/A,N/A,0.4,2008-03-04
919,Lost: Via Domus,Ubisoft Montreal,N/A,N/A,0.5,2008-02-26
920,Lost: Via Domus    Read the review,Ubisoft Montreal,N/A,N/A,0.5,2008-02-26
921,Lost: Via Domus,Ubisoft Montreal,N/A,N/A,0.0,2008-02-26
922,Petz Wild Animals: Tigerz,Magic Pockets,N/A,N/A,0.5,2008-02-26
923,Telly Addicts,Ubisoft,N/A,N/A,0.0,2008-02-15
924,Totally Spies! Totally Party,OUAT Entertainment,N/A,N/A,0.1,2009-03-10
925,Totally Spies! Totally Party,Mad Monkey Studio,N/A,N/A,0.0,2008-02-14
926,Totally Spies! Totally Party,Mad Monkey Studio,N/A,N/A,0.0,2009-03-10
927,Chessmaster: The Art of Learning,Unknown,N/A,N/A,0.1,2008-02-12
928,Dark Messiah of Might and Magic Elements,Arkane Studios / Floodgate Entertainment / Kuju Entertainment,5.0,N/A,0.2,2008-02-12
929,Assassin's Creed: Altair's Chronicles,Gameloft,N/A,N/A,0.2,2008-02-05
930,Assassin's Creed: Altair's Chronicles,Gameloft,5.7,N/A,0.0,2008-02-05
931,Puppy Palace,Ubisoft,N/A,N/A,0.3,2008-02-05
933,No More Heroes,Grasshopper Manufacture,8.2,8.3,0.5,2008-01-22
934,CSI: Hard Evidence,Telltale Games,N/A,N/A,0.8,2008-01-15
935,Miami Nights: Singles in the City,Gameloft,N/A,N/A,0.0,2008-01-15
936,Nitrobike,Left Field Productions,N/A,N/A,0.1,2008-01-15
937,Brain Challenge,Gameloft,N/A,N/A,0.4,2008-01-08
938,Imagine: Champion Rider,Phoenix Interactive,N/A,N/A,0.0,2008-01-01
939,Beowulf: The Game,Ubisoft,N/A,N/A,0.0,2007-12-04
940,The Elder Scrolls IV: Oblivion - Game of the Year Edition,Bethesda Softworks,8.5,N/A,0.0,2007-10-16
941,Telly Addicts,Route 1 Games,N/A,N/A,0.0,2007-12-07
942,Who Wants to be a Millionaire: 1st Edition,Route 1 Games,N/A,N/A,0.0,2010-10-05
943,Rayman Raving Rabbids 2,Ubisoft Paris,6.6,N/A,1.8,2007-11-15
944,Cranium Kabookii,Ubisoft Quebec,N/A,N/A,0.1,2007-12-04
945,My French Coach,Sensory Sweep Studios,N/A,N/A,0.0,2007-11-30
946,My Spanish Coach,Sensory Sweep Studios,N/A,N/A,0.0,2007-11-30
947,My French Coach Level 2,Sensory Sweep Studios,N/A,N/A,0.0,2007-11-23
948,My Spanish Coach Level 2: Intermediate,Ubisoft,N/A,N/A,0.0,2007-11-23
949,Petz Dogz 2,Yuke's Media Creations,N/A,N/A,0.5,2007-11-23
953,Pippa Funnell: Ranch Rescue,Phoenix Interactive Entertainment,N/A,N/A,0.0,2007-11-16
954,America's Army: True Soldiers,Red Storm Entertainment,4.5,N/A,0.0,2007-11-15
957,Petz Dogz 2,Yuke's Media Creations,N/A,N/A,0.5,2007-11-14
958,Petz Dogz 2,Yuke's Media Creations,N/A,N/A,1.1,2007-11-14
959,Petz: Catz 2,Yuke's Media Creations,N/A,N/A,0.3,2007-11-14
960,Petz: Catz 2,Yuke's Media Creations,N/A,N/A,1.0,2007-11-14
961,Petz: Catz 2,Yuke's Media Creations,N/A,N/A,0.4,2007-11-14
962,Petz: Horsez 2,Ubisoft,N/A,N/A,0.4,2007-11-14
963,Petz: Horsez 2,Ubisoft,N/A,N/A,0.4,2007-11-14
964,Petz: Horsez 2,Ubisoft,N/A,N/A,0.2,2007-11-14
965,Assassin's Creed    Read the review,Ubisoft Montreal,8.2,8.5,4.8,2007-11-13
966,Assassin's Creed    Read the review,Ubisoft Montreal,8.2,8.0,5.5,2007-11-13
967,Beowulf: The Game,Ubisoft,N/A,N/A,0.1,2007-11-13
968,Beowulf: The Game,Ubisoft,4.9,N/A,0.4,2007-11-13
971,Petz: Hamsterz Life 2,Jorudan,N/A,N/A,0.0,2007-11-13
972,Petz: Hamsterz Life 2,Unknown,N/A,N/A,0.5,2007-11-13
973,Rayman Raving Rabbids 2,Ubisoft Paris,N/A,N/A,0.8,2007-11-13
974,Blazing Angels 2: Secret Missions of WWII,Ubisoft Romania,7.2,N/A,0.1,2007-11-06
975,My French Coach,Sensory Sweep Studios,N/A,N/A,0.1,2007-11-06
976,My Spanish Coach,Sensory Sweep Studios,N/A,N/A,0.4,2007-11-06
977,My Word Coach,Ubisoft Montreal,N/A,N/A,1.4,2007-11-06
978,My Word Coach,Ubisoft Montreal,N/A,N/A,0.5,2007-11-06
979,Chessmaster: Grandmaster Edition,Ubisoft,N/A,N/A,0.0,2007-10-30
980,CSI: Dark Motives,Powerhead Games,N/A,N/A,0.0,2007-11-20
981,Telly Addicts,Ubisoft,N/A,N/A,0.0,2007-11-02
982,Who Wants to be a Millionaire: 1st Edition,Route 1 Games,N/A,N/A,0.0,2010-10-05
983,Naruto: Rise of a Ninja,Ubisoft Montreal,7.8,N/A,0.3,2007-10-30
984,Chessmaster: The Art of Learning,Ubisoft,N/A,N/A,0.1,2007-10-23
985,Imagine: Animal Doctor,Virtual Toys / Lexis Numerique,N/A,N/A,1.0,2007-10-23
986,Imagine: Babyz,Visual Impact,3.5,N/A,2.8,2007-10-23
987,Imagine: Fashion Designer,Virtual Toys / Lexis Numerique,3.0,N/A,2.8,2007-10-23
988,Imagine: Master Chef,MTO,N/A,N/A,1.4,2007-10-23
989,Petz Wild Animals: Dolphinz,Magic Pockets,N/A,N/A,1.3,2007-10-16
990,DarkStar One,Ascaron Entertainment,N/A,N/A,0.0,2006-08-14
991,Heroes of Might and Magic V: Tribes of the East,Nival Interactive,N/A,N/A,0.0,2007-10-18
992,Pippa Funnell 2: Farm Adventures,DTP Entertainment,N/A,N/A,0.0,2007-10-12
993,Real Soccer 2008,Gameloft,N/A,N/A,0.0,2008-02-05
994,Top Trumps Horror & Predator,SO! Games Ltd,N/A,N/A,0.0,2007-10-12
995,Top Trumps: Dogs & Dinosaurs,Sogoplay,N/A,N/A,0.0,2007-10-12
996,Top Trumps: Horror & Predators,Ubisoft,N/A,N/A,0.0,2007-10-12
997,Scrabble 2007 Edition,WizarBox,N/A,N/A,0.4,2007-10-04
998,CSI: Hard Evidence,Telltale Games,N/A,N/A,0.1,2007-09-26
1000,CSI: 3 Dimensions of Murder,Ubisoft Bulgaria,N/A,N/A,0.1,2007-09-25
1001,The Settlers: Rise of an Empire,Blue Byte,N/A,N/A,0.0,2007-09-25
1002,Blazing Angels 2: Secret Missions of WWII,Ubisoft Romania,N/A,N/A,0.0,2007-09-21
1003,Cosmic Family,Ubisoft Barcelona,N/A,N/A,0.0,2007-09-18
1004,CSI: Hard Evidence,Telltale Games,N/A,N/A,0.0,2007-09-25
1005,Jam Sessions: Sing and Play Guitar (jp sales),Plato,N/A,N/A,0.0,2007-09-11
1006,Jam Sessions: Sing and Play Guitar (US sales),Plato,N/A,N/A,0.3,2007-09-11
1007,Blazing Angels 2: Secret Missions of WWII,Ubisoft Romania,7.6,N/A,0.1,2007-09-18
1008,Tales of the World: Radiant Mythology,Alfa System,7.0,N/A,0.4,2007-07-17
1009,Tom Clancy's Ghost Recon Advanced Warfighter 2,High Voltage Software / Ubisoft Paris,6.5,N/A,0.5,2007-08-23
1010,Tom Clancy's Ghost Recon Advanced Warfighter 2,Red Storm Entertainment / Ubisoft Paris,N/A,N/A,1.0,2007-08-23
1011,The Settlers,Ubisoft Paris,N/A,N/A,0.1,2007-08-21
1012,Surf's Up,Ubisoft Quebec,N/A,N/A,0.2,2007-05-30
1013,Surf's Up,Ubisoft Montreal,N/A,N/A,0.1,2007-05-30
1014,Tom Clancy's Ghost Recon Advanced Warfighter 2,GRIN,N/A,N/A,0.0,2007-07-17
1015,Horsez,MTO,N/A,N/A,0.0,2007-07-02
1016,Driver: Parallel Lines,Reflections Interactive,N/A,N/A,0.0,2007-06-26
1017,Driver: Parallel Lines,Reflections Interactive,5.9,N/A,0.0,2007-06-26
1018,Tom Clancy's Rainbow Six: Vegas,Ubisoft,N/A,N/A,1.2,2007-06-26
1019,Brothers In Arms DS,Gearbox Software,N/A,N/A,0.0,2007-06-21
1021,Tom Clancy's Rainbow Six: Vegas,Ubisoft Montreal,5.8,N/A,0.7,2007-06-12
1022,Call of Juarez,Techland,6.9,N/A,0.1,2007-06-07
1024,Surf's Up,Ubisoft Montreal,N/A,N/A,0.0,2007-06-01
1025,Surf's Up,Ubisoft Montreal,N/A,N/A,0.2,2007-05-30
1027,Surf's Up,Ubisoft Montreal,6.2,N/A,0.1,2007-05-30
1028,Surf's Up,Ubisoft Montreal,N/A,N/A,0.0,2007-05-30
1029,Surf's Up,Ubisoft Montreal,N/A,N/A,0.1,2007-05-30
1030,WarTech: Senko no Ronde,G.Rev,N/A,N/A,0.0,2007-05-29
1031,Final Fantasy Fables: Chocobo Tales,High Horse Entertainment,7.4,N/A,0.2,2007-04-03
1032,Resident Evil 4,SourceNext,8.0,N/A,0.0,2007-05-15
1033,Driver '76,Sumo Digital,5.5,N/A,0.2,2007-05-08
1034,Platinum Sudoku,Gameloft,N/A,N/A,0.0,2007-07-03
1035,Pawly Pets: My Pet Hotel,DTP Young Entertainment,N/A,N/A,0.0,2007-05-08
1036,The Elder Scrolls IV: Oblivion    Read the review,4J Studios,9.3,N/A,3.1,2007-03-20
1037,Rayman Raving Rabbids,Ubisoft Montpellier,6.4,N/A,0.2,2007-04-24
1039,Enchanted Arms,From Software,5.9,N/A,0.2,2007-04-03
1040,Enchanted Arms (JP sales),From Software,N/A,N/A,0.0,2007-04-03
1041,Prince of Persia: Rival Swords,"Pipeworks Software, Inc.",N/A,8.1,0.1,2007-04-03
1042,Prince of Persia: Rival Swords,Ubisoft Montreal,7.0,N/A,0.2,2007-04-03
1043,Tom Clancy's Splinter Cell: Double Agent,Ubisoft Shanghai,8.3,N/A,0.2,2007-03-30
1047,Blazing Angels: Squadrons of WWII,Ubisoft Romania,4.7,N/A,0.8,2007-03-20
1049,Silent Hunter: Wolves of the Pacific,Ubisoft Romania,N/A,N/A,0.0,2007-03-20
1051,TMNT,Ubisoft Montreal,N/A,N/A,0.3,2007-03-20
1052,TMNT,Ubisoft Montreal,N/A,N/A,0.0,2007-03-20
1054,TMNT,Ubisoft Montreal,N/A,N/A,0.5,2007-03-20
1056,TMNT,Ubisoft Montreal,3.6,N/A,0.1,2007-03-20
1057,Rayman Raving Rabbids,Ubisoft Bulgaria,N/A,N/A,0.1,2007-03-06
1059,IL-2 Sturmovik: 1946,1C: Maddox Games,N/A,N/A,0.0,2007-03-13
1060,Tom Clancy's Ghost Recon Advanced Warfighter 2,Red Storm Entertainment / Ubisoft Paris,8.7,N/A,1.0,2007-03-06
1061,Resident Evil 4,Unknown,N/A,N/A,0.0,2009-07-27
1063,Pawly Pets: My Vet Practice,DTP Entertainment,N/A,N/A,0.0,2007-02-02
1064,Rocky Balboa,Ubisoft,N/A,N/A,0.1,2007-03-13
1065,Star Trek: Legacy,Mad Doc Software,5.3,N/A,0.0,2006-12-05
1066,Star Trek: Legacy,Mad Doc Software,6.4,N/A,0.1,2006-12-14
1067,Star Trek: Tactical Assault,"Quicksilver Software, Inc.",N/A,N/A,0.0,2006-10-26
1068,Star Wars: Lethal Alliance,Ubisoft Casablanca,N/A,N/A,0.1,2006-12-14
1069,Rayman Raving Rabbids,Ubisoft Montpellier,7.5,N/A,1.4,2006-11-14
1070,Blazing Angels: Squadrons of WWII,Ubisoft Romania,6.8,N/A,0.6,2006-12-12
1071,Far Cry Vengeance,Ubisoft Montreal,N/A,N/A,0.0,2006-12-12
1072,Tom Clancy's Rainbow Six Vegas,Ubisoft,N/A,N/A,0.0,2006-12-12
1073,Rayman Raving Rabbids,Ubisoft Bulgaria,N/A,N/A,0.0,2006-12-11
1074,Star Wars: Lethal Alliance,Ubisoft Montreal,6.3,N/A,0.1,2006-12-07
1075,Brothers In Arms: D-Day,Gearbox Software,6.8,N/A,0.4,2006-12-05
1078,Star Trek: Tactical Assault,"Quicksilver Software, Inc.",N/A,N/A,0.0,2006-11-14
1079,Catz,Powerhead Games,N/A,N/A,0.5,2006-11-30
1080,Open Season,Ubisoft Montreal,5.0,N/A,0.0,2006-11-30
1081,Hamsterz Life,Unknown,N/A,N/A,0.4,2006-11-28
1082,Horsez,MTO,4.0,N/A,0.4,2006-11-28
1083,Tom Clancy's Splinter Cell: Double Agent,Ubisoft Montreal,N/A,N/A,0.1,2006-11-28
1084,Asphalt: Urban GT 2,Virtuos / Game Source,N/A,N/A,0.1,2006-11-14
1085,Harvest Moon: Magical Melody,Marvelous Interactive,8.0,N/A,0.2,2006-03-28
1087,Dogz,MTO,N/A,N/A,0.5,2006-11-22
1088,Tom Clancy's Rainbow Six: Vegas,Ubisoft Montreal,8.8,N/A,1.9,2006-11-20
1089,Monster 4x4: World Circuit,Ubisoft Montreal,N/A,N/A,0.8,2006-11-19
1090,Red Steel,Ubisoft Paris,5.9,7.8,0.6,2006-11-19
1095,GT Pro Series,MTO,3.7,N/A,0.5,2006-11-14
1100,Tom Clancy's Splinter Cell: Double Agent,Ubisoft Shanghai,N/A,N/A,0.0,2006-11-07
1101,Mind Quiz,Sega,N/A,N/A,0.0,2006-10-31
1102,Age of Empires: Collector's Edition,Ensemble Studios,N/A,N/A,0.1,2000-11-02
1103,Dark Messiah Might and Magic,Arkane Studios / Floodgate Entertainment / Kuju Entertainment,7.3,N/A,0.0,2006-10-24
1105,Tom Clancy's Splinter Cell: Double Agent,Ubisoft Montreal,5.6,N/A,0.0,2006-10-26
1107,Pippa Funnell: Take The Reins,Lexis Numerique,N/A,N/A,0.0,2006-10-26
1108,Untold Legends: The Warriors Code,Sony Online Entertainment,6.8,N/A,0.3,2006-03-28
1110,Tom Clancy's Splinter Cell: Double Agent,Ubisoft Shanghai,8.5,8.3,0.7,2006-10-17
1111,Dogz Fashion,MTO,N/A,N/A,0.0,2006-09-19
1112,Import Tuner Challenge (American sales),Genki,6.4,N/A,0.0,2006-09-26
1113,Open Season,Ubisoft Montreal,7.4,N/A,0.1,2006-09-19
1114,Open Season,Ubisoft Montreal,6.4,N/A,0.0,2006-09-19
1115,Open Season,Ubisoft Montreal,6.4,N/A,0.1,2006-09-19
1116,Import Tuner Challenge (JP sales),Genki,N/A,N/A,0.0,2006-09-26
1117,The Settlers II 10th Anniversary,Blue Byte,N/A,N/A,0.0,2006-09-22
1118,Open Season,Ubisoft Montreal,6.4,N/A,0.0,2006-09-19
1119,Open Season,Ubisoft Montreal,6.4,N/A,0.0,2006-09-19
1120,Open Season,Ubisoft Montreal,6.7,N/A,0.0,2006-09-19
1121,Open Season,Ubisoft Montreal,7.6,N/A,0.0,2006-09-19
1122,Open Season,Ubisoft Montreal,5.7,N/A,0.1,2006-09-19
1123,Call of Juarez,Techland,6.7,N/A,0.0,2007-06-12
1124,Faces of War,Best Way,N/A,N/A,0.0,2006-09-12
1125,Mind Quiz: Your Brain Coach,Sega,N/A,N/A,0.0,2007-03-13
1127,Enchanted Arms,From Software,6.9,N/A,0.1,2006-08-29
1128,Enchanted Arms (jp sales),From Software,N/A,N/A,0.0,2006-08-29
1130,Pirates of the Caribbean: The Legend of Jack Sparrow,California Seven Studios,N/A,N/A,0.2,2006-06-28
1131,Devil May Cry 3: Dante's Awakening Special Edition,Capcom,7.1,N/A,0.0,2006-10-16
1133,Over G Fighters,Taito Corporation,5.1,N/A,0.2,2006-06-27
1135,And1 Streetball,Unknown,N/A,N/A,0.0,2006-06-06
1136,And1 Streetball,Black Ops Entertainment,N/A,N/A,0.2,2006-06-06
1137,Astonishia Story,Sonnori,4.8,N/A,0.0,2006-06-06
1138,Heroes of Might and Magic V,Nival Interactive,N/A,N/A,0.0,2006-05-24
1140,Paradise,White Birds Productions,N/A,N/A,0.0,2006-05-03
1141,Tom Clancy's Ghost Recon Advanced Warfighter,GRIN,N/A,N/A,0.0,2006-05-03
1143,Lost Magic,Taito Corporation,N/A,N/A,0.1,2006-04-25
1145,IL-2 Sturmovik Series: Complete Edition,1C: Maddox Games,N/A,N/A,0.0,2006-03-31
1146,Tom Clancy's Ghost Recon: Advanced Warfighter,Ubisoft Shanghai,N/A,N/A,0.0,2006-03-28
1147,Blazing Angels: Squadrons of WWII,Ubisoft Romania,6.9,N/A,0.0,2006-03-28
1148,Far Cry Instincts Evolution,Ubisoft Montreal,N/A,N/A,0.0,2006-03-28
1149,Far Cry Instincts Predator,Ubisoft Montreal,8.0,N/A,0.2,2006-03-28
1150,Call of Cthulhu: Dark Corners of the Earth,Headfirst Productions,N/A,N/A,0.0,2006-04-26
1151,Blazing Angels: Squadrons of WWII,Ubisoft Romania,6.4,N/A,0.4,2006-03-23
1152,Blazing Angels: Squadrons of WWII,Ubisoft Romania,7.0,N/A,0.0,2006-03-23
1153,Monster 4X4: World Circuit,Ubisoft Montreal,N/A,N/A,0.0,2006-03-23
1154,Catz,MTO,N/A,N/A,0.2,2006-03-22
1155,Go! Sudoku,Sumo Digital,6.8,N/A,0.1,2006-03-21
1156,Go! Sudoku (JP sales),Sumo Digital,N/A,N/A,0.1,2006-03-21
1157,Tom Clancy's Splinter Cell: Essentials,Ubisoft Montreal,5.6,N/A,0.2,2006-03-21
1158,CSI: 3 Dimensions of Murder,Telltale Games,N/A,N/A,0.0,2006-03-14
1159,Tom Clancy's Rainbow Six: Critical Hour,Ubisoft Quebec,N/A,N/A,0.0,2006-03-14
1160,Tom Clancy's  Ghost Recon Advanced Warfighter (weekly JP sales),Ubisoft Paris,N/A,N/A,0.0,2006-03-09
1161,Tom Clancy's Ghost Recon Advanced Warfighter,Ubisoft Paris,9.1,N/A,1.5,2006-03-09
1162,Tom Clancy's Ghost Recon Advanced Warfighter,Ubisoft Shanghai,N/A,N/A,0.3,2006-03-09
1165,Trollz: Hair Affair!,Powerhead Games,N/A,N/A,0.0,2005-11-01
1166,Frantix,Killer Game,5.4,N/A,0.0,2005-09-19
1167,GripShift,Sidhe Interactive,7.1,N/A,0.0,2005-09-12
1168,Tom Clancy's Rainbow Six: Lockdown,Red Storm Entertainment,N/A,N/A,0.0,2006-02-16
1169,Drakengard 2,Cavia Inc.,N/A,N/A,0.1,2006-02-14
1170,Exit,Taito Corporation,7.9,N/A,0.0,2006-02-14
1171,Tales of Eternia,Namco,8.0,N/A,0.2,2006-02-10
1172,Peter Jackson's King Kong: The Official Game of the Movie,Phoenix Games Studio,6.0,N/A,0.1,2005-12-20
1174,Battles of Prince of Persia,Ubisoft Montreal,5.6,N/A,0.1,2005-12-06
1177,Prince of Persia: Revelations,"Pipeworks Software, Inc.",6.3,N/A,0.2,2005-12-06
1178,Prince of Persia: The Two Thrones,Ubisoft Montreal,N/A,N/A,0.0,2005-12-01
1179,Prince of Persia: The Two Thrones,Ubisoft Montreal,8.7,N/A,0.1,2005-12-01
1180,Prince of Persia: The Two Thrones,Ubisoft Montreal,N/A,N/A,0.6,2005-12-01
1181,Prince of Persia: The Two Thrones,Ubisoft Montreal,N/A,N/A,0.5,2005-12-01
1183,Kong: The 8th Wonder of the World,Ubisoft Casablanca,N/A,N/A,0.4,2005-11-21
1184,Peter Jackson's King Kong: The Official Game of the Movie,Ubisoft Montpellier,7.9,N/A,0.2,2005-11-21
1185,Peter Jackson's King Kong: The Official Game of the Movie,Ubisoft Montpellier,N/A,N/A,2.0,2005-11-21
1186,Peter Jackson's King Kong: The Official Game of the Movie,Ubisoft Montpellier,8.1,N/A,0.2,2005-11-21
1187,Peter Jackson's King Kong: The Official Game of the Movie,Ubisoft Montpellier,N/A,N/A,0.5,2005-11-21
1189,Peter Jackson's King Kong: The Official Game of the Movie,Ubisoft Casablanca,N/A,N/A,0.1,2005-11-21
1190,America's Army: Rise of a Soldier,Secret Level,N/A,N/A,0.2,2005-11-17
1191,Dogz,MTO,4.1,N/A,0.6,2005-11-17
1193,Flow: Urban Dance Uprising,Artificial Mind and Movement,N/A,N/A,0.0,2005-11-15
1194,Brothers In Arms: Earned In Blood,Unknown,N/A,N/A,0.4,2005-10-28
1195,Heroes of the Pacific,IR Gurus Interactive,N/A,N/A,0.0,2005-10-25
1196,"Crouching Tiger, Hidden Dragon",Ubisoft,5.9,N/A,0.0,2005-10-09
1197,Brothers In Arms: Earned In Blood,Unknown,N/A,N/A,0.3,2005-10-07
1198,Brothers In Arms: Earned in Blood,Gearbox Software,N/A,N/A,0.0,2005-10-06
1199,Darkwatch,High Moon Studios,N/A,N/A,0.3,2005-08-16
1200,Darkwatch,High Moon Studios,N/A,N/A,0.2,2005-08-16
1201,Sniper Elite,Rebellion Developments,N/A,N/A,0.0,2005-10-18
1203,Sniper Elite,Rebellion Developments,N/A,N/A,0.1,2005-10-18
1204,Heroes of the Pacific,IR Gurus Interactive,N/A,N/A,0.2,2005-09-28
1205,Heroes of the Pacific,IR Gurus Interactive,N/A,N/A,0.1,2005-09-28
1206,Far Cry Instincts,Ubisoft Montreal,N/A,N/A,0.5,2005-09-27
1207,Lunar: Dragon Song    Read the review,Game Arts / Japan Art Media (JAM),5.9,N/A,0.1,2005-09-27
1208,Tom Clancy's Rainbow Six: Lockdown,Red Storm Entertainment,N/A,N/A,0.0,2005-09-27
1209,Myst V: End of Ages,Cyan Worlds,N/A,N/A,0.0,2005-09-19
1211,Rayman 10th Anniversary,Ubisoft,N/A,N/A,0.0,2005-09-06
1212,Tom Clancy's Rainbow Six: Lockdown,Red Storm Entertainment,N/A,N/A,0.4,2005-09-06
1213,Tom Clancy's Rainbow Six: Lockdown,Red Storm Entertainment,N/A,N/A,0.3,2005-09-06
1217,187: Ride or Die,Ubisoft Paris,N/A,N/A,0.1,2005-08-23
1218,187: Ride or Die,Ubisoft Paris,N/A,N/A,0.0,2005-08-24
1219,Tom Clancy's Ghost Recon 2: Summit Strike,Red Storm Entertainment,N/A,N/A,0.3,2005-08-02
1220,Tom Clancy's Splinter Cell: Chaos Theory,Ubisoft,N/A,N/A,0.0,2005-06-28
1221,Bomberman,Hudson Soft,N/A,N/A,0.1,2005-06-21
1224,Cold Fear,Darkworks,N/A,N/A,0.0,2005-05-17
1225,Star Wars Episode III: Revenge of the Sith,Ubisoft Montreal,N/A,N/A,0.7,2005-05-04
1226,Star Wars Episode III: Revenge of the Sith,Ubisoft Montreal,7.3,N/A,0.3,2005-05-04
1227,Tom Clancy's Splinter Cell: Pandora Tomorrow,Ubisoft Shanghai,N/A,N/A,1.2,2004-06-16
1228,Myst IV: Revelation,Ubisoft Montreal,N/A,N/A,0.0,2005-03-29
1229,Tom Clancy's Splinter Cell: Chaos Theory,Ubisoft Montreal,7.8,N/A,0.1,2005-03-29
1230,Tom Clancy's Splinter Cell: Chaos Theory,Ubisoft Montreal,N/A,N/A,0.0,2005-03-28
1231,Tom Clancy's Splinter Cell: Chaos Theory,Ubisoft Montreal,9.4,N/A,1.1,2005-03-28
1232,Tom Clancy's Splinter Cell: Chaos Theory,Ubisoft Montreal / Annecy,N/A,N/A,0.9,2005-03-28
1233,Pippa Funnell: The Stud Farm Inheritance,Lexis Numerique,N/A,N/A,0.0,2005-03-25
1234,Rayman DS,Ubisoft Montreal,5.4,N/A,0.2,2005-03-24
1235,The Bard's Tale,InXile Entertainment,N/A,N/A,0.1,2004-10-26
1236,The Bard's Tale,InXile Entertainment,N/A,N/A,0.2,2004-10-26
1237,Tom Clancy's Ghost Recon 2,Red Storm Entertainment,5.7,N/A,0.0,2005-03-15
1238,Lumines: Puzzle Fusion    Read the review,Q Entertainment,9.1,N/A,1.1,2005-03-22
1239,Brothers In Arms: Road to Hill 30,Gearbox Software,N/A,N/A,0.0,2005-03-15
1240,Rayman: Hoodlum's Revenge,Ubisoft,6.2,N/A,0.0,2005-03-15
1241,Silent Hunter III,Ubisoft Romania,N/A,N/A,0.0,2005-03-18
1242,Brothers In Arms: Road to Hill 30,Gearbox Software,N/A,N/A,0.4,2005-03-15
1243,Cold Fear,Darkworks,N/A,N/A,0.0,2005-03-15
1244,Cold Fear,Darkworks,N/A,N/A,0.1,2005-03-15
1245,Asphalt: Urban GT,Gameloft,5.0,N/A,0.5,2004-11-17
1246,Playboy: The Mansion,Cyberlore Studios,N/A,N/A,0.2,2005-01-25
1248,Playboy: The Mansion,Cyberlore Studios,N/A,N/A,0.0,2005-01-25
1249,Brothers In Arms: Road to Hill 30,Gearbox Software,N/A,N/A,0.6,2005-03-01
1250,Advance Guardian Heroes,"Treasure Co., Ltd.",7.0,N/A,0.0,2004-09-14
1251,The Settlers: Heritage of Kings,Blue Byte,N/A,N/A,0.0,2005-02-24
1252,Disney's Winnie the Pooh's Rumbly Tumbly Adventure,Phoenix Games Studio,N/A,N/A,0.1,2005-02-08
1253,Disney's Winnie the Pooh's Rumbly Tumbly Adventure,Phoenix Games Studio,N/A,N/A,0.0,2005-02-08
1254,Disney's Winnie the Pooh's Rumbly Tumbly Adventure,Phoenix Games Studio,N/A,N/A,0.1,2005-02-08
1257,Tork: Prehistoric Punk,Tiwak SAS,N/A,N/A,0.0,2005-01-12
1259,CSI: Crime Scene Investigation,369 Interactive,N/A,N/A,0.1,2004-12-14
1261,Sprung - A Game Where Everyone Scores,Guillemot Inc,N/A,N/A,0.0,2004-12-08
1262,Prince of Persia: Warrior Within,Ubisoft Montreal,N/A,N/A,0.0,2004-11-30
1263,Prince of Persia: Warrior Within,Ubisoft Montreal,N/A,N/A,0.8,2004-11-30
1264,Prince of Persia: Warrior Within,Ubisoft Montreal,8.2,N/A,0.2,2004-11-30
1265,Prince of Persia: Warrior Within,Ubisoft Montreal,N/A,N/A,1.6,2004-11-30
1266,Tom Clancy's Ghost Recon 2,Red Storm Entertainment,N/A,N/A,1.0,2004-11-30
1267,Syberia II,Microids,N/A,N/A,0.0,2004-10-05
1269,Alexander,GSC Game World,N/A,N/A,0.0,2004-11-23
1270,CSI: Miami,369 Interactive,N/A,N/A,0.0,2004-11-16
1271,Tom Clancy's Classic Trilogy,Unknown,N/A,N/A,0.1,2004-11-16
1272,Tom Clancy's Ghost Recon 2,Red Storm Entertainment,N/A,N/A,1.3,2004-11-16
1274,Harvest Moon: More Friends of Mineral Town,TOSE Software,8.0,N/A,0.2,2005-07-26
1275,Chessmaster,Ubisoft,N/A,N/A,0.1,2004-10-26
1276,Pacific Fighters,Maddox Games,N/A,N/A,0.0,2004-10-26
1277,Ape Escape: Pumped & Primed,SCE Japan Studio,N/A,N/A,0.0,2004-10-20
1278,Star Ocean: Till The End of Time,tri-Ace,7.8,N/A,1.7,2004-08-31
1279,Myst IV: Revelation,Ubisoft Montreal,N/A,N/A,0.0,2004-09-28
1280,Rocky: Legends,Venom Games,N/A,N/A,0.1,2004-09-28
1281,Rocky: Legends,Unknown,N/A,N/A,0.2,2004-09-28
1283,The Dukes of Hazzard: Return of the General Lee,Ratbag,N/A,N/A,0.0,2004-09-28
1284,The Dukes of Hazzard: Return of the General Lee,Ratbag,N/A,N/A,0.2,2004-09-28
1285,Medabots: Infinity,"Imagineer Co., Ltd.",5.4,N/A,0.0,2003-12-14
1286,Star Wars Trilogy: Apprentice of the Force,LucasArts,N/A,N/A,0.4,2004-09-21
1287,Chessmaster 10th Edition,Ubisoft,N/A,N/A,0.0,2004-08-20
1290,Tom Clancy's Rainbow Six 3: Black Arrow,Ubisoft Montreal,N/A,N/A,1.1,2004-08-04
1292,Tom Clancy's Splinter Cell: Pandora Tomorrow,Ubisoft,6.7,N/A,0.0,2004-07-20
1293,Tom Clancy's Rainbow Six 3,Ubisoft Montreal / Red Storm Entertainment,6.5,N/A,0.0,2004-06-17
1294,CSI: Dark Motives,369 Interactive,N/A,N/A,0.0,2004-03-23
1295,Fatal Frame II: Crimson Butterfly,Tecmo,7.8,N/A,0.1,2003-12-10
1296,Harvest Moon: A Wonderful Life,Marvelous Interactive,8.2,N/A,0.7,2004-03-16
1297,Harvest Moon: Friends of Mineral Town,TOSE Software,7.6,N/A,0.5,2003-11-17
1298,Tom Clancy's Splinter Cell: Pandora Tomorrow,Ubisoft,N/A,N/A,0.0,2004-03-24
1299,Tom Clancy's Rainbow Six 3,Ubisoft Montreal / Red Storm Entertainment,N/A,N/A,0.8,2004-03-24
1300,Far Cry,Crytek,8.6,N/A,0.0,2004-03-23
1301,Tom Clancy's Splinter Cell: Pandora Tomorrow,Ubisoft Shanghai,9.2,9.0,1.4,2004-03-23
1302,Tom Clancy's Splinter Cell: Pandora Tomorrow,Ubisoft Shanghai,N/A,N/A,0.0,2004-03-23
1303,Tom Clancy's Ghost Recon: Jungle Storm,Red Storm Entertainment,N/A,N/A,1.1,2004-03-16
1309,Fallout Trilogy,Black Isle Studios,N/A,N/A,0.0,2009-04-30
1310,Flipnic: Ultimate Pinball,Sony Computer Entertainment,N/A,N/A,0.0,2005-07-13
1311,Beyond Good & Evil,Ubisoft Montpellier,N/A,N/A,0.0,2003-12-11
1312,Monster 4x4: Masters of Metal,Ubisoft Barcelona / Inland Productions,5.1,N/A,0.0,2003-12-10
1313,"Crouching Tiger, Hidden Dragon",Genki,N/A,N/A,0.0,2003-12-09
1315,Beyond Good & Evil,Ubisoft Montpellier,N/A,N/A,0.1,2003-12-02
1316,Prince of Persia: The Sands of Time,Ubisoft Montreal,9.0,N/A,0.0,2003-11-30
1318,Monster 4x4: Masters of Metal,Ubisoft Barcelona / Inland Productions,N/A,N/A,0.2,2003-11-25
1319,Lock On: Modern Air Combat,Eagle Dynamics,N/A,N/A,0.0,2003-11-24
1320,XIII,Ubisoft Paris,N/A,N/A,0.0,2003-11-24
1321,XIII,Southend Interactive,N/A,N/A,0.2,2003-11-24
1322,Batman: Rise of Sin Tzu,Ubisoft Montreal,N/A,N/A,0.3,2003-10-16
1324,Beyond Good & Evil,Ubisoft Montpellier,N/A,N/A,0.0,2003-11-19
1325,Mucha Lucha! Mascaritas of the Lost Code,Digital Eclipse,N/A,N/A,0.0,2003-11-18
1326,Prince of Persia: The Sands of Time,Ubisoft Montreal,9.0,N/A,0.3,2003-11-18
1327,XIII,Ubisoft Paris,N/A,N/A,0.0,2003-11-18
1328,XIII,Ubisoft Paris,N/A,N/A,0.5,2003-11-18
1329,Batman: Rise of Sin Tzu,Ubisoft Montreal,N/A,N/A,0.1,2003-10-16
1331,Prince of Persia: The Sands of Time,Ubisoft Montreal,9.0,N/A,0.9,2003-11-12
1332,Tom Clancy's Rainbow Six 3,Ubisoft Montreal / Red Storm Entertainment,N/A,N/A,1.5,2003-11-12
1333,Batman: Rise of Sin Tzu,Ubisoft Montreal,N/A,N/A,0.0,2003-11-11
1334,Beyond Good & Evil,Ubisoft Montpellier,8.3,N/A,0.3,2003-11-11
1335,Uru: Ages Beyond Myst,Cyan Worlds,N/A,N/A,0.0,2003-11-11
1336,Prince of Persia: The Sands of Time,Ubisoft Montreal,9.0,9.1,2.2,2003-11-06
1338,Prince of Persia: The Sands of Time,Ubisoft Montreal,N/A,N/A,0.1,2003-10-30
1339,Batman: Rise of Sin Tzu,Ubisoft Montreal,5.5,N/A,0.0,2003-10-27
1340,Warlords IV: Heroes of Etheria,Infinite Interactive,N/A,N/A,0.0,2003-10-21
1342,"Crouching Tiger, Hidden Dragon",Light Weight,N/A,N/A,0.1,2003-10-09
1344,TRON 2.0,Monolith Productions,N/A,N/A,0.0,2003-08-26
1346,Pirates of the Caribbean,Akella,N/A,N/A,0.2,2003-07-01
1350,Tom Clancy's Ghost Recon: Island Thunder,Red Storm Entertainment,N/A,N/A,0.8,2003-08-06
1351,Charlie's Angels,Neko Entertainment,2.5,N/A,0.0,2003-07-09
1353,Ape Escape 2,SCE Japan Studio,8.0,N/A,0.6,2003-06-30
1356,Tom Clancy's Splinter Cell,Ubisoft,N/A,N/A,0.1,2003-04-27
1357,Chessmaster,Ubisoft Romania,N/A,N/A,0.3,2003-05-28
1359,Tom and Jerry: Infurnal Escape,Cinegroupe,N/A,N/A,0.1,2003-03-14
1361,City Racer,Ubisoft,N/A,N/A,0.0,2003-04-29
1363,Tom Clancy's Splinter Cell,Ubisoft,N/A,N/A,0.2,2003-04-10
1364,Tom Clancy's Ghost Recon,Red Storm Entertainment,N/A,N/A,0.1,2003-02-09
1365,Tom Clancy's Splinter Cell,Ubisoft,N/A,N/A,2.6,2003-04-08
1366,CSI: Crime Scene Investigation,369 Interactive,N/A,N/A,0.0,2003-03-26
1368,Rayman 3: Hoodlum Havoc,Ubisoft,8.2,N/A,0.0,2003-03-24
1370,Rayman 3: Hoodlum Havoc,Ubisoft,7.3,N/A,0.0,2003-03-18
1371,Rayman 3: Hoodlum Havoc,Ubisoft,7.4,N/A,0.2,2003-03-17
1372,Tom and Jerry in War of the Whiskers,VIS Entertainment,N/A,N/A,0.2,2002-11-18
1374,Murakumo: Renegade Mech Pursuit,From Software,N/A,N/A,0.1,2003-03-05
1375,IL-2 Sturmovik: Forgotten Battles,1C: Maddox Games,N/A,N/A,0.0,2003-03-02
1376,Rayman 3: Hoodlum Havoc,Ubisoft,7.4,N/A,0.0,2003-03-02
1378,Rayman 3,Ubisoft,7.9,N/A,0.1,2003-03-02
1379,Wild ARMs 3,Media.Vision,7.6,N/A,0.6,2002-10-15
1380,Tom Clancy's Splinter Cell,Ubisoft,N/A,N/A,0.0,2003-02-19
1382,Bust-A-Move 3000,Taito Corporation,N/A,N/A,0.0,2003-02-12
1383,Disney's The Jungle Book,Visual Impact,5.0,N/A,0.1,2003-02-11
1384,Disney's Treasure Planet,Disney Interactive,6.3,N/A,0.2,2002-10-31
1385,Walt Disney's The Jungle Book: Rhythm N'Groove,Ubisoft Shanghai,N/A,N/A,0.2,2003-02-04
1387,The Sum of All Fears,Red Storm Entertainment,3.2,N/A,0.0,2003-01-09
1389,Bratz,DC Studios,N/A,N/A,0.1,2003-03-12
1390,E.T. The Extra-Terrestrial: Interplanetary Mission,Santa Cruz Games,N/A,N/A,0.0,2002-12-30
1391,Monster Jam: Maximum Destruction,Ubisoft,N/A,N/A,0.0,2002-12-29
1393,Trevor Chan's Capitalism 2,Enlight Software,N/A,N/A,0.0,2002-12-16
1394,Lunar Legend,Magic Rings,7.7,N/A,0.1,2002-12-08
1396,Tomb Raider: The Prophecy,Ubisoft Milan,N/A,N/A,0.1,2002-11-12
1398,Disney's PK: Out of the Shadows,Ubisoft,4.0,N/A,0.0,2002-12-03
1399,Evolution Worlds,Sting,6.5,N/A,0.0,2002-12-02
1400,The Elder Scrolls III: Morrowind,Bethesda Softworks,8.2,N/A,2.8,2002-06-06
1402,The Mummy,Ubisoft,N/A,N/A,0.0,2002-11-20
1403,The Sum of All Fears,Ubisoft,N/A,N/A,0.0,2002-11-19
1404,Dogz 5,PF.Magic,N/A,N/A,0.0,2002-11-18
1405,Dragon's Lair 3D: Return to the Lair,Dragonstone Software,N/A,N/A,0.0,2002-11-18
1406,Rocky,Rage Software,N/A,N/A,0.8,2002-11-18
1407,Rocky,Rage Software,N/A,N/A,0.1,2002-11-17
1408,Rocky,Steel Monkeys,7.0,N/A,0.0,2002-11-17
1410,Tom Clancy's Splinter Cell,Ubisoft,9.3,9.1,3.0,2002-11-17
1411,Pro Rally,Ubisoft,N/A,N/A,0.0,2002-11-11
1412,Tom Clancy's Ghost Recon,Red Storm Entertainment,N/A,N/A,1.9,2002-11-11
1413,Tom Clancy's Ghost Recon,Red Storm Entertainment,N/A,N/A,1.7,2002-11-11
1416,Disney's PK: Out of the Shadows,Ubisoft,N/A,N/A,0.1,2002-11-01
1417,Worms Blast,Team17 Software,N/A,N/A,0.0,2002-10-24
1419,Deathrow: Underground Team Combat,Southend Interactive,N/A,N/A,0.0,2002-10-22
1420,Conflict Zone,MASA Group,N/A,N/A,0.2,2002-10-19
1421,Mega Man Battle Network 2,Capcom,N/A,N/A,0.5,2002-06-17
1422,Mega Man Battle Network 2,Capcom,N/A,N/A,0.3,2002-10-18
1424,Disney's Lilo & Stitch,Digital Eclipse,8.0,N/A,1.0,2002-06-07
1425,Moto Racer Advance,Adeline Software,N/A,N/A,0.0,2002-12-05
1426,Wizardry: Tale of the Forsaken Land,Racjin,N/A,N/A,0.0,2001-12-19
1427,Worms World Party,Team17 Software,N/A,N/A,0.0,2002-10-29
1430,Rayman Arena,Ubisoft,6.2,N/A,0.1,2002-09-24
1431,Rayman Arena,Ubisoft,5.1,N/A,0.0,2002-09-24
1432,Rayman Arena,Ubisoft,5.0,N/A,0.0,2002-09-24
1433,Rayman Arena,Ubisoft,6.7,N/A,0.6,2002-09-24
1435,Myst III: Exile,Presto Studios,N/A,N/A,0.2,2002-09-22
1436,Myst III: Exile,Presto Studios,N/A,N/A,0.0,2002-09-22
1438,Ultimate Fighting Championship: Throwdown,Opus Studio,6.7,N/A,0.0,2002-07-29
1441,Largo Winch .// Commando Sar,Rebellion Developments,N/A,N/A,0.0,2002-02-01
1444,Sabrina The Teenage Witch: Potion Commotion,Ubisoft,N/A,N/A,0.1,2002-09-06
1445,Ultimate Fighting Championship: Throwdown,Opus Studio,N/A,N/A,0.3,2002-06-03
1447,Tiger Woods PGA Tour Golf,Rebellion Developments,N/A,N/A,0.0,2002-05-29
1448,Muppet Pinball Mayhem,Digital Eclipse,7.9,N/A,0.0,2002-05-29
1454,Breath of Fire II,Capcom,8.6,N/A,0.1,2002-04-16
1455,Dokapon: Monster Hunter,"Asmik Ace Entertainment, Inc",6.4,N/A,0.0,2001-10-30
1457,Monster Jam: Maximum Destruction,Ubisoft,N/A,N/A,0.6,2002-06-13
1458,Davis Cup Tennis,Hokus Pokus,6.4,N/A,0.0,2002-10-14
1464,The Elder Scrolls III: Morrowind,Bethesda Softworks,8.7,N/A,0.0,2002-05-01
1467,Disney's Peter Pan: Return to Never Land,Crawfish Interactive,4.0,N/A,0.1,2002-02-22
1471,Monster Jam: Maximum Destruction,UDS,N/A,N/A,0.1,2002-03-27
1475,Disney's Donald Duck: Goin' Quackers,Ubisoft Montreal,N/A,N/A,0.0,2002-03-25
1478,Chessmaster,Ubisoft,7.5,N/A,0.0,2002-08-28
1480,Ice Age,A2M,4.2,N/A,0.3,2002-03-18
1481,Tom Clancy's Rainbow Six: Rogue Spear,Ubisoft Milan,N/A,N/A,0.1,2002-03-18
1483,Grandia II,Game Arts,7.7,N/A,0.0,2002-03-10
1484,Mike Tyson Boxing,Virtuacraft,N/A,N/A,0.0,2002-03-06
1485,Destroyer Command,Ultimation Inc,N/A,N/A,0.0,2002-02-14
1486,Sunny Garcia Surfing,Krome Studios,N/A,N/A,0.0,2001-10-22
1488,Grandia II,Game Arts,7.4,N/A,0.2,2002-01-28
1489,Salt Lake 2002,DC Studios,N/A,N/A,0.0,2002-01-19
1497,Jade Cocoon 2,Genki,N/A,N/A,0.1,2001-12-17
1499,Breath of Fire,Capcom,7.8,N/A,0.2,2001-12-13
1500,Razor Freestyle Scooter,Crawfish Interactive,N/A,N/A,0.0,2001-11-14
1503,Scrabble,Runecraft,N/A,N/A,0.2,1999-10-31
1505,American Bass Challenge,Starfish,6.7,N/A,0.0,2001-12-05
1506,The Legend of Alon D'ar,Stormfront Studios,N/A,N/A,0.0,2001-12-04
1507,Planet of the Apes,Torus Games,N/A,N/A,0.0,2001-11-30
1509,Super Bust-A-Move,Taito Corporation,N/A,N/A,0.0,2001-11-27
1510,IL-2 Sturmovik,1C Maddox Games,N/A,N/A,0.0,2001-11-18
1511,Batman: Vengeance,Ubisoft Montreal,7.0,N/A,0.2,2001-11-17
1512,Disney's Tarzan Untamed,Ubisoft Montreal,N/A,N/A,0.1,2001-11-17
1513,Super Dodge Ball Advance,Atlus Co.,N/A,N/A,0.2,2001-06-10
1514,Disney's Donald Duck Advance,Ubisoft,6.5,N/A,0.0,2001-11-15
1516,Disney's Tarzan Untamed,Ubisoft Montreal,N/A,N/A,0.4,2001-11-14
1518,Silent Hunter II,Ultimation Inc.,N/A,N/A,0.0,2001-11-05
1519,Super Street Fighter II: Turbo Revival,Capcom,N/A,N/A,0.2,2001-10-30
1521,Batman: Vengeance,Ubisoft,6.2,N/A,0.1,2001-10-30
1524,Batman: Vengeance,Ubisoft Montreal,7.1,N/A,0.5,2001-10-15
1526,Scooby-Doo and the Cyber Chase,Software Creations,N/A,N/A,0.4,2001-12-31
1528,Final Fight One,Capcom,8.2,N/A,0.2,2001-09-26
1529,Men in Black: The Series,David A. Palmer Productions,N/A,N/A,0.0,2001-09-01
1532,Inspector Gadget: Gadget's Crazy Maze,Vision Media Engineering,N/A,N/A,0.0,2001-08-15
1540,Rayman Advance,Digital Eclipse,8.4,N/A,0.5,2001-06-10
1543,Tom Clancy's Rainbow Six: Rogue Spear,Saffire Corporation,N/A,N/A,0.2,2001-03-28
1545,Myst III: Exile,Presto Studios,N/A,N/A,0.0,2001-05-08
1547,Batman: Gotham City Racer,Sinister Games,N/A,N/A,0.0,2001-04-19
1551,Tigger's Honey Hunt,Rivage Games,7.3,N/A,0.2,2000-11-01
1552,EverGrace,From Software,6.2,N/A,0.3,2000-10-24
1553,Grandia,Game Arts,8.4,N/A,0.2,1999-09-30
1554,Harvest Moon 2 GBC,Victor Interactive Software,N/A,N/A,0.1,2000-09-11
1555,Kengo: Master of Bushido,LightWeight,N/A,N/A,0.3,2001-01-03
1556,Armored Core 2,From Software,N/A,N/A,0.7,2000-10-24
1558,Rayman 2: Revolution,Ubisoft,8.7,N/A,0.3,2001-01-30
1559,Harvest Moon: Back to Nature,Victor Interactive Software,N/A,N/A,0.3,2000-11-22
1560,Batman Beyond: Return of the Joker,Kemco,2.0,N/A,0.0,2000-12-13
1562,Dragon Tales: Dragon Seek,Zed Two Limited,N/A,N/A,0.0,2000-11-29
1563,Ultimate Fighting Championship,Opus Studio,N/A,N/A,0.2,2000-11-13
1565,Eternal Ring,From Software,N/A,N/A,0.3,2000-10-24
1566,Disney's Donald Duck: Goin' Quackers,Disney Interactive Studios,N/A,N/A,0.1,2000-12-20
1567,Gold and Glory: The Road to El Dorado,Revolution Software,N/A,N/A,0.0,2000-12-19
1569,Batman Beyond: Return of the Joker,Kemco,N/A,N/A,0.1,2000-11-20
1572,Disney's Donald Duck: Goin' Quackers,Disney Interactive Studios,N/A,N/A,0.0,2000-12-13
1576,Walt Disney's The Jungle Book: Rhythm N'Groove,Ubisoft,N/A,N/A,0.0,2000-12-08
1577,Grandia II,Game Arts,8.6,N/A,0.2,2000-12-06
1582,Tom and Jerry in House Trap,Warthog,N/A,N/A,0.2,2000-11-24
1587,Disney's Donald Duck: Goin' Quackers,Disney Interactive Studios,N/A,N/A,0.1,2000-11-14
1591,Tigger's Honey Hunt,Doki Denki,N/A,N/A,0.2,2000-09-29
1594,Rayman 2: The Great Escape,Ubisoft Shanghai,8.7,N/A,0.3,2000-09-15
1598,The Flintstones: Bedrock Bowling,Adrenalin Interactive,N/A,N/A,0.1,2000-09-19
1599,Tom and Jerry in Fists of Furry,VIS Entertainment,N/A,N/A,0.1,2000-11-12
1600,Surf Riders,ACOT,N/A,N/A,0.1,2000-08-01
1616,Razor Freestyle Scooter,Shaba Games,N/A,N/A,0.4,2000-12-11
1617,SnoCross Championship Racing,UDS,N/A,N/A,0.9,2000-08-22
1619,The Dukes of Hazzard: Racing for Home,Sinister Games,N/A,N/A,1.1,1999-11-30
1625,Rocket: Robot on Wheels,Sucker Punch,8.3,N/A,0.1,1999-11-17
1627,Rayman 2: The Great Escape,Ubisoft,9.0,N/A,0.6,1999-10-31
1628,Rayman 2: The Great Escape,Ubisoft Montpellier,9.1,N/A,0.0,1999-10-31
1632,Monaco Grand Prix,Ubisoft,N/A,N/A,0.0,1999-09-01
1633,All Star Tennis 99,Smart Dog,5.1,N/A,0.0,1999-08-31
1636,Tonic Trouble,Ubisoft Montpellier,N/A,N/A,0.1,1999-08-31
1644,S.C.A.R.S,Vivid Image,N/A,N/A,0.0,1998-12-04
1647,Buck Bumble,Argonaut Games,6.8,N/A,0.1,1998-09-30
1648,S.C.A.R.S,Vivid Image,N/A,N/A,0.0,1998-08-31
1655,F1 Pole Position 64,Human Entertainment,N/A,N/A,0.2,1997-09-30
1658,Rayman Gold,Ubisoft,N/A,N/A,0.0,1997-01-01
1660,Street Racer,Vivid Image,N/A,N/A,0.1,1996-10-31
1665,Rayman,Ubisoft Montpellier,7.0,N/A,3.0,1995-09-01
